Loan_ID,Gender,Married,Dependents,Education,Self_Employed,Loan_Amount_Term,Credit_History,Property_Area,Loan_Status,ln_ApplicantIncome,ln_CoapplicantIncome,ln_LoanAmount
LP001002,Male,No,0,Graduate,No,9,1,Urban,Y,8.674025985443025,-Inf,NA
LP001003,Male,Yes,1,Graduate,No,9,1,Rural,N,8.430109084509125,7.318539548567902,4.852030263919617
LP001005,Male,Yes,0,Graduate,Yes,9,1,Urban,Y,8.006367567650246,-Inf,4.189654742026425
LP001006,Male,Yes,0,Not Graduate,No,9,1,Urban,Y,7.8567067930958405,7.765569081097317,4.787491742782046
LP001008,Male,No,0,Graduate,No,9,1,Urban,Y,8.699514748210191,-Inf,4.948759890378168
LP001011,Male,Yes,2,Graduate,Yes,9,1,Urban,Y,8.597297435657898,8.341886969516187,5.58724865840025
LP001013,Male,Yes,0,Not Graduate,No,9,1,Urban,Y,7.75491027202143,7.323830566202317,4.553876891600541
LP001014,Male,Yes,3+,Graduate,No,9,0,Semiurban,N,8.01829613851552,7.825644732219989,5.062595033026967
LP001018,Male,Yes,2,Graduate,No,9,1,Urban,Y,8.295548516225763,7.330405211844402,5.123963979403259
LP001020,Male,Yes,1,Graduate,No,9,1,Semiurban,N,9.460398455831275,9.30273722124215,5.855071922202427
LP001024,Male,Yes,2,Graduate,No,9,1,Urban,Y,8.070906088787819,6.551080335043404,4.248495242049359
LP001027,Male,Yes,2,Graduate,NA,9,1,Urban,Y,7.824046010856292,7.517520850603031,4.6913478822291435
LP001028,Male,Yes,2,Graduate,No,9,1,Urban,Y,8.030409562130485,9.000359807188254,5.298317366548036
LP001029,Male,No,0,Graduate,No,9,1,Rural,N,7.52456122628536,7.951559331155252,4.736198448394496
LP001030,Male,Yes,2,Graduate,No,5,1,Urban,Y,7.1693500166706,6.990256500493881,2.833213344056216
LP001032,Male,No,0,Graduate,No,9,1,Urban,Y,8.507142855562735,-Inf,4.8283137373023015
LP001034,Male,No,1,Not Graduate,No,7,NA,Urban,Y,8.18757739559151,-Inf,4.605170185988092
LP001036,Female,No,0,Graduate,No,9,0,Urban,N,8.163371316459912,-Inf,4.330733340286331
LP001038,Male,Yes,0,Not Graduate,No,9,1,Rural,N,8.494333897270154,-Inf,4.890349128221754
LP001041,Male,Yes,0,Graduate,NA,NA,1,Urban,Y,7.8632667240095735,8.160518247477505,4.74493212836325
LP001043,Male,Yes,0,Not Graduate,No,9,0,Urban,N,8.943767262734637,-Inf,4.6443908991413725
LP001046,Male,Yes,1,Graduate,No,9,1,Urban,Y,8.691986481789401,8.63497622707262,5.752572638825633
LP001047,Male,Yes,0,Not Graduate,No,9,0,Semiurban,N,7.8632667240095735,7.555381944240273,4.7535901911063645
LP001050,NA,Yes,2,Not Graduate,No,9,0,Rural,N,8.121183242078828,7.558516743045645,4.718498871295094
LP001052,Male,Yes,1,Graduate,NA,9,NA,Semiurban,N,8.220672170297252,7.981049759665957,5.017279836814924
LP001066,Male,Yes,0,Graduate,Yes,9,1,Semiurban,Y,9.165343006045447,-Inf,5.25227342804663
LP001068,Male,Yes,0,Graduate,No,9,1,Semiurban,Y,7.937017489515454,7.720017940432244,4.804021044733257
LP001073,Male,Yes,2,Not Graduate,No,9,1,Urban,Y,8.349011198176003,6.946975992135418,4.700480365792417
LP001086,Male,No,0,Not Graduate,No,9,1,Urban,N,7.273786317844895,-Inf,3.5553480614894135
LP001087,Female,No,2,Graduate,NA,9,1,Semiurban,Y,8.229511118964457,7.641564441260972,4.787491742782046
LP001091,Male,Yes,1,Graduate,NA,9,NA,Urban,N,8.334711621820917,8.122371243406553,5.303304908059076
LP001095,Male,No,0,Graduate,No,9,1,Urban,N,8.06054004653864,-Inf,4.30406509320417
LP001097,Male,No,1,Graduate,Yes,9,1,Rural,N,8.453614209773367,-Inf,4.663439094112067
LP001098,Male,Yes,0,Graduate,No,9,1,Semiurban,Y,8.160518247477505,7.418780882750794,4.736198448394496
LP001100,Male,No,3+,Graduate,No,9,1,Rural,N,9.433483923290392,8.006367567650246,5.768320995793772
LP001106,Male,Yes,0,Graduate,No,9,1,Urban,Y,7.729735331385051,7.633853559681768,NA
LP001109,Male,Yes,0,Graduate,No,NA,0,Urban,N,7.510977752014095,7.1929342212158,4.605170185988092
LP001112,Female,Yes,0,Graduate,No,9,1,Semiurban,Y,8.207129168071326,7.285506548522785,4.969813299576001
LP001114,Male,No,0,Graduate,No,9,1,Urban,Y,8.334711621820917,8.883224230278994,5.214935757608986
LP001116,Male,No,0,Not Graduate,No,9,1,Semiurban,Y,8.228977643358313,7.419380582918692,4.700480365792417
LP001119,Male,No,0,Graduate,No,9,1,Urban,N,8.1886891244442,-Inf,4.382026634673881
LP001120,Male,No,0,Graduate,No,9,1,Urban,Y,7.495541943884256,7.10085190894405,3.8501476017100584
LP001123,Male,Yes,0,Graduate,No,9,NA,Urban,Y,7.783224016336037,-Inf,4.31748811353631
LP001131,Male,Yes,0,Graduate,No,9,1,Semiurban,Y,8.279189777195004,7.756195343948118,4.897839799950911
LP001136,Male,Yes,0,Not Graduate,Yes,NA,1,Urban,Y,8.454253391642363,-Inf,4.564348191467836
LP001137,Female,No,0,Graduate,No,NA,1,Urban,Y,8.134467570277563,-Inf,4.477336814478207
LP001138,Male,Yes,1,Graduate,No,9,1,Urban,Y,8.639233817325263,-Inf,3.784189633918261
LP001144,Male,Yes,0,Graduate,No,9,1,Urban,Y,8.669227347271736,-Inf,4.969813299576001
LP001146,Female,Yes,0,Graduate,No,9,0,Urban,N,7.8804263442924,8.143226750367445,4.787491742782046
LP001151,Female,No,0,Graduate,No,9,1,Semiurban,Y,8.294049640102028,7.729735331385051,4.969813299576001
LP001155,Female,Yes,0,Not Graduate,No,9,1,Semiurban,Y,7.564238475170491,7.404887575616125,4.605170185988092
LP001157,Female,No,0,Graduate,No,9,1,Semiurban,Y,8.034631032923107,-Inf,4.787491742782046
LP001164,Female,No,0,Graduate,No,9,1,Semiurban,N,8.349957272040324,-Inf,4.718498871295094
LP001179,Male,Yes,2,Graduate,No,9,1,Urban,N,8.437283808187935,-Inf,4.897839799950911
LP001186,Female,Yes,1,Graduate,Yes,9,0,Urban,N,9.350102314351341,-Inf,5.655991810819852
LP001194,Male,Yes,2,Graduate,No,9,1,Semiurban,Y,7.903965634032166,7.062191632286556,4.574710978503383
LP001195,Male,Yes,0,Graduate,No,9,1,Semiurban,Y,7.664815785285735,7.372118028337787,4.564348191467836
LP001197,Male,Yes,0,Graduate,No,9,1,Rural,N,8.121480374750751,7.696212639346407,4.90527477843843
LP001198,Male,Yes,1,Graduate,No,9,1,Urban,Y,8.997147151515142,7.718685495198466,5.19295685089021
LP001199,Male,Yes,2,Not Graduate,No,9,1,Urban,Y,8.118802996980035,7.958227192322312,4.969813299576001
LP001205,Male,Yes,0,Graduate,No,9,1,Urban,Y,7.824046010856292,8.241703159729818,4.787491742782046
LP001206,Male,Yes,3+,Graduate,No,9,1,Urban,Y,8.015987811027237,-Inf,4.59511985013459
LP001207,Male,Yes,0,Not Graduate,Yes,6,0,Rural,N,7.866722285136729,8.145839612936841,5.10594547390058
LP001213,Male,Yes,1,Graduate,No,9,0,Rural,N,8.506132244056813,-Inf,NA
LP001222,Female,No,0,Graduate,No,9,0,Semiurban,N,8.334711621820917,-Inf,4.7535901911063645
LP001225,Male,Yes,0,Graduate,No,9,1,Semiurban,N,8.65277248565806,8.432724034789787,5.552959584921617
LP001228,Male,No,0,Not Graduate,No,6,0,Urban,N,8.070906088787819,7.720461694599722,4.836281906951478
LP001233,Male,Yes,1,Graduate,No,9,1,Urban,Y,9.28266103355581,-Inf,5.7430031878094825
LP001238,Male,Yes,3+,Not Graduate,Yes,3,1,Urban,Y,8.867850063029406,-Inf,4.8283137373023015
LP001241,Female,No,0,Graduate,No,9,0,Semiurban,N,8.366370301681654,-Inf,4.912654885736052
LP001243,Male,Yes,0,Graduate,No,9,1,Urban,Y,8.073402968986406,8.028129059431759,5.147494476813453
LP001245,Male,Yes,2,Not Graduate,Yes,9,1,Semiurban,Y,7.536363938404511,7.536363938404511,4.574710978503383
LP001248,Male,No,0,Graduate,No,8,1,Semiurban,Y,8.160518247477505,-Inf,4.394449154672439
LP001250,Male,Yes,3+,Not Graduate,No,NA,0,Semiurban,N,8.46695197497949,-Inf,4.553876891600541
LP001253,Male,Yes,3+,Graduate,Yes,9,1,Semiurban,Y,8.569026340056254,7.480992162869525,5.231108616854587
LP001255,Male,No,0,Graduate,No,10,1,Urban,N,8.229511118964457,-Inf,4.727387818712341
LP001256,Male,No,0,Graduate,No,9,1,Urban,N,8.229511118964457,8.465899897028686,5.170483995038151
LP001259,Male,Yes,1,Graduate,Yes,9,1,Urban,N,6.907755278982137,8.013674142832684,4.700480365792417
LP001263,Male,Yes,3+,Graduate,No,8,0,Semiurban,N,8.06054004653864,8.294049640102028,5.19295685089021
LP001264,Male,Yes,3+,Not Graduate,Yes,9,NA,Semiurban,Y,8.11162807830774,7.680637427560936,4.867534450455582
LP001265,Female,No,0,Graduate,No,9,1,Semiurban,Y,8.254788926148725,-Inf,4.709530201312334
LP001266,Male,Yes,1,Graduate,Yes,9,1,Semiurban,Y,7.781138509845015,-Inf,NA
LP001267,Female,Yes,2,Graduate,No,9,1,Urban,N,7.228388451573604,7.53955882930103,5.117993812416755
LP001273,Male,Yes,0,Graduate,No,9,NA,Semiurban,N,8.699514748210191,7.718685495198466,5.579729825986222
LP001275,Male,Yes,1,Graduate,No,7,1,Urban,Y,8.291045131081729,-Inf,3.912023005428146
LP001279,Male,No,0,Graduate,No,9,1,Semiurban,Y,7.768956044538332,7.836369760545124,4.912654885736052
LP001280,Male,Yes,2,Not Graduate,No,9,NA,Semiurban,Y,8.11162807830774,7.600902459542082,4.59511985013459
LP001282,Male,Yes,0,Graduate,No,9,1,Semiurban,Y,7.824046010856292,7.658227526161352,4.6443908991413725
LP001289,Male,No,0,Graduate,No,9,1,Urban,Y,9.055556158175316,-Inf,5.3471075307174685
LP001310,Male,Yes,0,Graduate,No,9,1,Semiurban,Y,8.647343875881283,8.334951631422454,5.1647859739235145
LP001316,Male,Yes,0,Graduate,No,9,1,Semiurban,Y,7.992268643270745,7.9724660159745655,4.875197323201151
LP001318,Male,Yes,2,Graduate,No,6,1,Semiurban,Y,8.740336742730447,8.640118538253535,5.236441962829949
LP001319,Male,Yes,2,Not Graduate,No,9,1,Urban,Y,8.09346227450118,7.506591780070841,4.394449154672439
LP001322,Male,No,0,Graduate,No,9,1,Semiurban,Y,8.326758814511733,-Inf,4.804021044733257
LP001325,Male,No,0,Not Graduate,No,5,1,Semiurban,Y,8.194229304819817,-Inf,3.2188758248682006
LP001326,Male,No,0,Graduate,NA,9,NA,Urban,N,8.822027322685583,-Inf,NA
LP001327,Female,Yes,0,Graduate,No,9,1,Semiurban,Y,7.81762544305337,7.741533589281828,4.919980925828125
LP001333,Male,Yes,0,Graduate,No,9,1,Semiurban,Y,7.589335823170617,6.904750769961838,3.912023005428146
LP001334,Male,Yes,0,Not Graduate,No,6,1,Semiurban,Y,8.339978571990427,-Inf,4.74493212836325
LP001343,Male,Yes,0,Graduate,No,9,1,Semiurban,Y,7.472500744737558,8.172164452111904,4.875197323201151
LP001345,Male,Yes,2,Not Graduate,No,6,1,Urban,Y,8.363575702750637,8.09040229659332,4.890349128221754
LP001349,Male,No,0,Graduate,No,9,1,Semiurban,Y,8.48528964240323,8.244334047856094,5.017279836814924
LP001350,Male,Yes,NA,Graduate,No,9,1,Urban,Y,9.521494800613105,-Inf,NA
LP001356,Male,Yes,0,Graduate,No,9,1,Semiurban,Y,8.445052513638554,8.183955717304954,NA
LP001357,Male,NA,NA,Graduate,No,9,1,Urban,Y,8.246958032568177,6.625392368007956,5.075173815233827
LP001367,Male,Yes,1,Graduate,No,9,1,Urban,Y,8.023552392404348,6.937314081223682,4.605170185988092
LP001369,Male,Yes,2,Graduate,No,9,1,Urban,Y,9.342858751676328,7.026426808699636,5.41610040220442
LP001370,Male,No,0,Not Graduate,NA,9,1,Rural,N,8.9001399880938,-Inf,4.787491742782046
LP001379,Male,Yes,2,Graduate,No,9,0,Urban,N,8.242756345714477,8.1886891244442,5.375278407684165
LP001384,Male,Yes,3+,Not Graduate,No,10,1,Semiurban,Y,7.635786861395585,6.625392368007956,4.543294782270004
LP001385,Male,No,0,Graduate,No,9,1,Urban,Y,8.578476419833136,-Inf,4.912654885736052
LP001387,Female,Yes,0,Graduate,NA,9,1,Semiurban,Y,7.982416346827733,7.75491027202143,4.9344739331306915
LP001391,Male,Yes,0,Not Graduate,No,NA,0,Rural,N,8.18088094199639,8.322151070212902,5.0238805208462765
LP001392,Female,No,1,Graduate,Yes,9,1,Semiurban,Y,8.916103530553727,-Inf,NA
LP001398,Male,No,0,Graduate,NA,9,1,Semiurban,Y,8.527143522269405,-Inf,4.770684624465665
LP001401,Male,Yes,1,Graduate,No,6,1,Rural,Y,9.587611745713565,-Inf,5.220355825078324
LP001404,Female,Yes,0,Graduate,No,9,1,Semiurban,Y,8.06054004653864,7.733245646529795,5.0369526024136295
LP001405,Male,Yes,1,Graduate,No,9,NA,Urban,Y,7.7025561132685825,7.242797922793756,4.442651256490317
LP001421,Male,Yes,0,Graduate,No,9,1,Rural,N,8.624791202014256,7.669495251007694,5.1647859739235145
LP001422,Female,No,0,Graduate,No,9,1,Urban,Y,9.250330020192342,-Inf,5.556828061699537
LP001426,Male,Yes,NA,Graduate,No,9,1,Rural,Y,8.64241515616962,7.888709524182015,5.19295685089021
LP001430,Female,No,0,Graduate,No,9,1,Semiurban,Y,8.334711621820917,-Inf,3.784189633918261
LP001431,Female,No,0,Graduate,No,9,0,Semiurban,Y,7.667158255319148,9.102755161296246,4.919980925828125
LP001432,Male,Yes,2,Graduate,No,9,1,Semiurban,Y,7.9919305198524775,-Inf,4.394449154672439
LP001439,Male,Yes,0,Not Graduate,No,9,1,Rural,Y,8.366370301681654,7.607878073278507,5.267858159063328
LP001443,Female,No,0,Graduate,No,9,NA,Rural,Y,8.213923595622743,-Inf,4.532599493153256
LP001448,NA,Yes,3+,Graduate,No,9,1,Rural,Y,10.077566902136047,-Inf,5.91350300563827
LP001449,Male,No,0,Graduate,No,9,1,Rural,Y,8.259716961021523,7.402451520818244,NA
LP001451,Male,Yes,1,Graduate,Yes,6,0,Urban,N,9.26036786557583,8.25582842728183,5.075173815233827
LP001465,Male,Yes,0,Graduate,No,9,NA,Rural,N,8.712759974960212,7.851271997109883,5.204006687076795
LP001469,Male,No,0,Graduate,Yes,10,NA,Urban,Y,9.91175329695316,-Inf,6.476972362889683
LP001473,Male,No,0,Graduate,No,9,1,Urban,Y,7.607878073278507,7.564757012905729,4.30406509320417
LP001478,Male,No,0,Graduate,No,9,1,Semiurban,Y,7.907651594711089,-Inf,4.248495242049359
LP001482,Male,Yes,0,Graduate,Yes,5,1,Semiurban,Y,8.148734808937169,-Inf,3.2188758248682006
LP001487,Male,No,0,Graduate,No,9,1,Semiurban,Y,8.49596955496461,-Inf,4.624972813284271
LP001488,Male,Yes,3+,Graduate,No,9,1,Semiurban,N,8.294049640102028,8.955448122347393,5.66988092298052
LP001489,Female,Yes,0,Graduate,No,9,1,Rural,N,8.430109084509125,-Inf,4.430816798843313
LP001491,Male,Yes,2,Graduate,Yes,9,1,Urban,Y,8.106514516255185,8.160518247477505,4.477336814478207
LP001492,Male,No,0,Graduate,No,9,0,Semiurban,N,9.61573881119536,-Inf,5.488937726156687
LP001493,Male,Yes,2,Not Graduate,No,9,1,Rural,N,8.34283980427146,7.265429723253953,4.859812404361672
LP001497,Male,Yes,2,Graduate,No,9,1,Rural,N,8.525558107747866,7.641564441260972,5.220355825078324
LP001498,Male,No,0,Graduate,No,9,1,Urban,Y,8.597297435657898,-Inf,5.123963979403259
LP001504,Male,No,0,Graduate,Yes,6,1,Semiurban,Y,8.846496938558838,-Inf,5.1647859739235145
LP001507,Male,Yes,0,Graduate,No,9,1,Semiurban,Y,7.900266036767701,7.617759576608505,4.804021044733257
LP001508,Male,Yes,2,Graduate,No,6,1,Urban,Y,9.372204086867741,-Inf,5.231108616854587
LP001514,Female,Yes,0,Graduate,No,9,1,Semiurban,Y,7.753623546559746,8.408716715080153,4.605170185988092
LP001516,Female,Yes,2,Graduate,No,9,1,Urban,Y,9.60683200528524,-Inf,4.248495242049359
LP001518,Male,Yes,1,Graduate,No,9,1,Urban,Y,7.338238150065589,7.261927092702751,3.4011973816621555
LP001519,Female,No,0,Graduate,No,9,1,Rural,N,9.210340371976184,7.418180822726788,5.41610040220442
LP001520,Male,Yes,0,Graduate,No,9,1,Semiurban,Y,8.48879371689454,6.721425700790643,4.8283137373023015
LP001528,Male,No,0,Graduate,No,9,0,Rural,N,8.744647438317532,-Inf,4.770684624465665
LP001529,Male,Yes,0,Graduate,Yes,9,1,Rural,Y,7.854381210652365,8.229511118964457,5.0238805208462765
LP001531,Male,No,0,Graduate,No,9,1,Urban,N,9.123256265069069,-Inf,5.497168225293202
LP001532,Male,Yes,2,Not Graduate,No,9,1,Rural,N,7.732369222284388,-Inf,4.727387818712341
LP001535,Male,No,0,Graduate,No,9,1,Urban,Y,8.087640287778983,-Inf,3.912023005428146
LP001536,Male,Yes,3+,Graduate,No,6,0,Semiurban,Y,10.596609732783568,-Inf,6.396929655216146
LP001541,Male,Yes,1,Graduate,No,9,NA,Rural,Y,8.699514748210191,-Inf,5.075173815233827
LP001543,Male,Yes,1,Graduate,No,9,1,Urban,Y,9.16303909885817,-Inf,5.231108616854587
LP001546,Male,No,0,Graduate,NA,9,1,Rural,Y,7.9996785794994505,7.641564441260972,4.787491742782046
LP001552,Male,Yes,0,Graduate,No,9,1,Semiurban,Y,8.430109084509125,8.63497622707262,5.541263545158426
LP001560,Male,Yes,0,Not Graduate,No,9,1,Semiurban,Y,7.529943370601589,6.947937068614969,4.584967478670572
LP001562,Male,Yes,0,Graduate,No,9,1,Urban,N,8.978786553302003,-Inf,5.616771097666572
LP001565,Male,Yes,1,Graduate,No,9,0,Semiurban,N,8.035602692918582,7.154615356913663,4.795790545596741
LP001570,Male,Yes,2,Graduate,No,9,1,Rural,Y,8.334951631422454,7.277247726631484,5.062595033026967
LP001572,Male,Yes,0,Graduate,No,6,1,Urban,Y,9.140239744296693,-Inf,4.31748811353631
LP001574,Male,Yes,0,Graduate,No,NA,1,Rural,Y,8.217978203150732,8.060224240440958,5.204006687076795
LP001577,Female,Yes,0,Graduate,No,9,1,Rural,N,8.430109084509125,-Inf,4.718498871295094
LP001578,Male,Yes,0,Graduate,No,9,1,Rural,Y,7.79934339821592,8.11162807830774,4.859812404361672
LP001579,Male,No,0,Graduate,No,10,0,Semiurban,N,7.71289096149013,-Inf,4.143134726391533
LP001580,Male,Yes,2,Graduate,No,9,1,Semiurban,Y,8.987196820661973,-Inf,5.298317366548036
LP001581,Male,Yes,0,Not Graduate,NA,9,1,Rural,Y,7.506591780070841,7.478169694159785,4.553876891600541
LP001585,NA,Yes,3+,Graduate,No,8,1,Urban,Y,10.854430887309706,-Inf,6.551080335043404
LP001586,Male,Yes,3+,Not Graduate,No,6,1,Rural,N,8.166784289056151,-Inf,4.394449154672439
LP001594,Male,Yes,0,Graduate,No,9,1,Semiurban,Y,8.649623978596727,8.63497622707262,5.231108616854587
LP001603,Male,Yes,0,Not Graduate,Yes,9,1,Semiurban,N,8.37655086161377,6.601230118728877,4.465908118654584
LP001606,Male,Yes,0,Graduate,No,9,1,Rural,Y,8.159660737063376,7.582738488914411,4.7535901911063645
LP001608,Male,Yes,2,Graduate,No,9,1,Rural,Y,7.623153068476902,7.389563953677635,4.61512051684126
LP001610,Male,Yes,3+,Graduate,No,9,0,Semiurban,N,8.615408238913192,9.332558004700433,6.20455776256869
LP001616,Male,Yes,1,Graduate,No,9,1,Semiurban,Y,8.229511118964457,-Inf,4.7535901911063645
LP001630,Male,No,0,Not Graduate,No,10,0,Urban,N,7.75491027202143,7.280008252884188,4.624972813284271
LP001633,Male,Yes,1,Graduate,No,9,0,Urban,N,8.764053269347762,8.88875674784872,5.19295685089021
LP001634,Male,No,0,Graduate,No,9,NA,Rural,N,7.557994958530806,8.529714471969909,4.204692619390966
LP001636,Male,Yes,0,Graduate,No,6,1,Semiurban,Y,8.433811582477187,-Inf,4.290459441148391
LP001637,Male,Yes,1,Graduate,No,9,1,Semiurban,N,10.429576102968031,-Inf,5.560681631015528
LP001639,Female,Yes,0,Graduate,No,9,1,Semiurban,Y,8.195609567288775,-Inf,4.68213122712422
LP001640,Male,Yes,0,Graduate,Yes,9,1,Semiurban,Y,10.575079070130357,8.465899897028686,4.787491742782046
LP001641,Male,Yes,1,Graduate,Yes,8,0,Rural,N,7.686162303492906,-Inf,4.189654742026425
LP001643,Male,Yes,0,Graduate,No,9,NA,Rural,Y,7.776115477098742,7.6676260915849905,4.060443010546419
LP001644,NA,Yes,0,Graduate,Yes,9,1,Rural,Y,6.513230110912307,8.574707097616844,5.123963979403259
LP001647,Male,Yes,0,Graduate,No,6,1,Rural,Y,9.140775908590273,-Inf,5.236441962829949
LP001653,Male,No,0,Not Graduate,No,9,1,Rural,Y,8.493924564476883,-Inf,3.871201010907891
LP001656,Male,No,0,Graduate,No,9,1,Semiurban,N,9.392661928770137,-Inf,5.099866427824199
LP001657,Male,Yes,0,Not Graduate,No,9,1,Urban,N,8.704999678440762,-Inf,5.075173815233827
LP001658,Male,No,0,Graduate,No,9,1,Semiurban,Y,8.257904193465674,-Inf,4.330733340286331
LP001664,Male,No,0,Graduate,No,9,1,Rural,Y,8.340694647925071,-Inf,4.787491742782046
LP001665,Male,Yes,1,Graduate,No,9,1,Semiurban,N,8.047189562170502,7.8567067930958405,5.135798437050262
LP001666,Male,No,0,Graduate,No,9,1,Rural,Y,9.027978814382207,8.229511118964457,5.231108616854587
LP001669,Female,No,0,Not Graduate,No,NA,1,Urban,Y,7.553286605600419,7.768533300926033,4.787491742782046
LP001671,Female,Yes,0,Graduate,No,9,NA,Semiurban,Y,8.13622555490846,7.943072717277933,4.727387818712341
LP001673,Male,No,0,Graduate,Yes,9,1,Urban,N,9.305650551780507,-Inf,4.418840607796598
LP001674,Male,Yes,1,Not Graduate,No,9,1,Semiurban,Y,7.8632667240095735,7.824046010856292,4.499809670330265
LP001677,Male,No,2,Graduate,No,9,0,Semiurban,Y,8.5016733797582,-Inf,5.111987788356544
LP001682,Male,Yes,3+,Not Graduate,No,6,1,Urban,N,8.292047637431354,-Inf,NA
LP001688,Male,Yes,1,Not Graduate,No,9,1,Urban,Y,8.160518247477505,6.9874902470009905,4.90527477843843
LP001691,Male,Yes,2,Not Graduate,No,9,1,Semiurban,Y,8.27308133366583,-Inf,4.820281565605037
LP001692,Female,No,0,Not Graduate,No,9,1,Semiurban,Y,8.391176350832751,-Inf,4.787491742782046
LP001693,Female,No,0,Graduate,No,9,1,Urban,Y,8.084562415235304,-Inf,4.382026634673881
LP001698,Male,No,0,Not Graduate,No,9,1,Rural,Y,8.287780027088433,7.836369760545124,4.007333185232471
LP001699,Male,No,0,Graduate,No,9,1,Urban,Y,7.8156105320351905,-Inf,4.07753744390572
LP001702,Male,No,0,Graduate,No,9,1,Semiurban,N,8.136810863675537,-Inf,4.844187086458591
LP001708,Female,No,0,Graduate,No,9,1,Semiurban,N,9.210340371976184,-Inf,5.365976015021851
LP001711,Male,Yes,3+,Graduate,No,9,0,Semiurban,N,8.140315540159985,7.1308988302963465,4.852030263919617
LP001713,Male,Yes,1,Graduate,Yes,9,1,Urban,Y,8.960210955576986,-Inf,5.480638923341991
LP001715,Male,Yes,3+,Not Graduate,Yes,9,1,Rural,Y,8.648747631156539,-Inf,4.867534450455582
LP001716,Male,Yes,0,Graduate,No,9,1,Urban,Y,8.062432791583195,8.013343181386672,4.919980925828125
LP001720,Male,Yes,3+,Not Graduate,No,9,1,Semiurban,Y,8.25582842728183,6.890609120147166,4.605170185988092
LP001722,Male,Yes,0,Graduate,No,9,1,Rural,N,5.0106352940962555,7.495541943884256,4.90527477843843
LP001726,Male,Yes,0,Graduate,No,9,1,Semiurban,Y,8.223358899479258,7.4815557019095165,4.875197323201151
LP001732,Male,Yes,2,Graduate,NA,9,0,Semiurban,N,8.517193191416238,-Inf,4.276666119016055
LP001734,Female,Yes,2,Graduate,No,9,NA,Semiurban,Y,8.36240897761537,7.776115477098742,4.844187086458591
LP001736,Male,Yes,0,Graduate,No,9,0,Urban,N,7.7057128238944275,-Inf,4.0943445622221
LP001743,Male,Yes,2,Graduate,No,9,1,Semiurban,Y,8.296297112642508,7.448333860897476,4.7535901911063645
LP001744,Male,No,0,Graduate,No,9,1,Semiurban,Y,7.9966538754626075,7.934155233536322,4.969813299576001
LP001749,Male,Yes,0,Graduate,No,NA,1,Semiurban,Y,8.933004591578547,6.917705609835305,5.1647859739235145
LP001750,Male,Yes,0,Graduate,No,9,1,Semiurban,Y,8.740336742730447,-Inf,4.852030263919617
LP001751,Male,Yes,0,Graduate,No,9,1,Rural,N,8.086410275323782,-Inf,5.135798437050262
LP001754,Male,Yes,NA,Not Graduate,Yes,9,1,Urban,N,8.462737005620179,-Inf,4.927253685157205
LP001758,Male,Yes,2,Graduate,No,9,1,Semiurban,Y,8.740336742730447,7.43543801981455,5.3471075307174685
LP001760,Male,NA,NA,Graduate,No,10,1,Semiurban,Y,8.467582690862903,-Inf,5.062595033026967
LP001761,Male,No,0,Graduate,Yes,9,1,Rural,Y,8.764053269347762,-Inf,5.298317366548036
LP001765,Male,Yes,1,Graduate,No,9,1,Semiurban,Y,7.820439515262181,7.627544390488503,4.6443908991413725
LP001768,Male,Yes,0,Graduate,NA,6,1,Rural,Y,8.22040309993373,-Inf,3.7376696182833684
LP001770,Male,No,0,Not Graduate,No,NA,1,Rural,Y,8.067462667010057,7.862497197230545,4.787491742782046
LP001776,Female,No,0,Graduate,No,9,1,Semiurban,Y,9.027978814382207,-Inf,5.634789603169249
LP001778,Male,Yes,1,Graduate,No,9,1,Semiurban,Y,8.056743774975313,7.483806687665835,4.941642422609304
LP001784,Male,Yes,1,Graduate,No,9,1,Rural,Y,8.612503371220562,7.138866999945524,5.135798437050262
LP001786,Male,Yes,0,Graduate,NA,9,NA,Urban,N,8.656259239539235,-Inf,5.541263545158426
LP001788,Female,No,0,Graduate,Yes,9,NA,Urban,Y,8.149890544402423,-Inf,4.804021044733257
LP001790,Female,No,1,Graduate,No,9,1,Rural,Y,8.245909264774093,-Inf,4.718498871295094
LP001792,Male,Yes,1,Graduate,No,9,1,Semiurban,Y,8.106212902619962,-Inf,4.564348191467836
LP001798,Male,Yes,2,Graduate,No,9,1,Rural,Y,8.66888370465667,8.517193191416238,4.787491742782046
LP001800,Male,Yes,1,Not Graduate,No,6,1,Urban,N,7.828038032125829,7.592366128519796,4.941642422609304
LP001806,Male,No,0,Graduate,No,3,1,Urban,Y,7.994632311431825,8.648396877031582,5.043425116919247
LP001807,Male,Yes,2,Graduate,Yes,9,1,Rural,Y,8.740336742730447,7.170119543449628,4.68213122712422
LP001811,Male,Yes,0,Not Graduate,No,9,1,Semiurban,Y,8.133293861222633,8.393216011596527,4.812184355372417
LP001813,Male,No,0,Graduate,Yes,6,1,Urban,N,8.707813551024888,8.374015421739909,4.787491742782046
LP001814,Male,Yes,2,Graduate,No,9,1,Urban,Y,9.1801903950253,-Inf,4.718498871295094
LP001819,Male,Yes,1,Not Graduate,No,6,1,Urban,Y,8.796036315200814,-Inf,4.919980925828125
LP001824,Male,Yes,1,Graduate,No,10,1,Semiurban,Y,7.966239776559467,7.519149957669823,4.812184355372417
LP001825,Male,Yes,0,Graduate,No,9,1,Urban,Y,7.500529485395295,7.532623618788788,4.499809670330265
LP001835,Male,Yes,0,Not Graduate,No,9,0,Semiurban,N,7.419380582918692,8.266164436612492,5.303304908059076
LP001836,Female,No,2,Graduate,No,9,1,Urban,N,8.139440521874608,-Inf,4.927253685157205
LP001841,Male,No,0,Not Graduate,Yes,9,1,Rural,Y,7.8567067930958405,7.681099001536359,4.6443908991413725
LP001843,Male,Yes,1,Not Graduate,No,6,1,Semiurban,Y,7.886457270977689,8.867990898182093,5.631211781821365
LP001844,Male,No,0,Graduate,Yes,9,0,Urban,N,9.695848187757884,-Inf,5.2574953720277815
LP001846,Female,No,3+,Graduate,No,9,1,Rural,Y,8.03365842788615,-Inf,5.541263545158426
LP001849,Male,No,0,Not Graduate,No,9,0,Rural,N,8.706986763048892,-Inf,4.74493212836325
LP001854,Male,Yes,3+,Graduate,No,9,1,Urban,N,8.565983355585669,-Inf,4.543294782270004
LP001859,Male,Yes,0,Graduate,No,9,1,Rural,N,9.594445640962938,7.649692623711514,5.717027701406222
LP001864,Male,Yes,3+,Not Graduate,No,9,NA,Semiurban,N,8.503297086224126,-Inf,4.852030263919617
LP001865,Male,Yes,1,Graduate,No,9,NA,Urban,Y,8.713253274320705,8.354674261918463,5.799092654460526
LP001868,Male,No,0,Graduate,No,9,1,Semiurban,Y,7.630461261783627,7.700295203420117,4.897839799950911
LP001870,Female,No,1,Graduate,No,2,1,Semiurban,N,8.15507488781144,-Inf,5.043425116919247
LP001871,Female,No,0,Graduate,No,9,1,Rural,Y,8.881836305004146,-Inf,4.787491742782046
LP001872,Male,No,0,Graduate,Yes,9,1,Semiurban,Y,8.549853973655786,-Inf,4.852030263919617
LP001875,Male,No,0,Graduate,No,9,1,Rural,Y,8.31752199628717,8.145259566516865,5.017279836814924
LP001877,Male,Yes,2,Graduate,No,9,1,Semiurban,Y,8.457018468380168,7.234898420314831,5.0106352940962555
LP001882,Male,Yes,3+,Graduate,No,9,0,Urban,Y,8.374015421739909,7.501634457883413,5.075173815233827
LP001883,Female,No,0,Graduate,NA,9,1,Rural,N,8.136810863675537,-Inf,4.90527477843843
LP001884,Female,No,1,Graduate,No,9,1,Urban,Y,7.964155718840937,7.352441100243583,4.499809670330265
LP001888,Female,No,0,Graduate,No,9,1,Urban,Y,8.082402253926244,-Inf,3.4011973816621555
LP001891,Male,Yes,0,Graduate,No,9,1,Urban,Y,9.318835968129482,-Inf,4.912654885736052
LP001892,Male,No,0,Graduate,No,9,1,Rural,Y,7.949091499830517,7.526717561352706,4.836281906951478
LP001894,Male,Yes,0,Graduate,No,9,1,Semiurban,Y,7.8709295967551425,7.706612913964197,5.0106352940962555
LP001896,Male,Yes,2,Graduate,No,9,1,Semiurban,Y,8.268731832117737,-Inf,4.499809670330265
LP001900,Male,Yes,1,Graduate,No,9,1,Semiurban,Y,7.919356190660617,7.518607216815252,4.74493212836325
LP001903,Male,Yes,0,Graduate,No,9,1,Semiurban,Y,8.292298107063221,8.09376775793108,5.332718793265369
LP001904,Male,Yes,0,Graduate,No,9,1,Urban,Y,8.04012466444838,7.170119543449628,4.382026634673881
LP001907,Male,Yes,0,Graduate,No,9,1,Semiurban,Y,9.587611745713565,-Inf,6.077642243349034
LP001908,Female,Yes,0,Not Graduate,No,9,NA,Rural,Y,8.318742252692399,-Inf,4.820281565605037
LP001910,Male,No,1,Not Graduate,Yes,9,0,Urban,N,8.307212626628308,7.793999089503996,5.062595033026967
LP001914,Male,Yes,0,Graduate,No,9,1,Semiurban,Y,8.27563105457801,6.684611727667927,4.718498871295094
LP001915,Male,Yes,2,Graduate,No,6,1,Urban,Y,7.741099090035366,6.893453481895542,4.356708826689592
LP001917,Female,No,0,Graduate,No,9,1,Urban,Y,7.501634457883413,7.418180822726788,3.9889840465642745
LP001922,Male,Yes,0,Graduate,No,9,1,Rural,N,9.936293504261306,-Inf,NA
LP001924,Male,No,0,Graduate,No,9,1,Rural,Y,8.057694194815587,8.023879992734878,4.48863636973214
LP001925,Female,No,0,Graduate,Yes,8,1,Semiurban,N,7.8632667240095735,7.448333860897476,4.59511985013459
LP001926,Male,Yes,0,Graduate,No,9,1,Rural,Y,8.21716859576607,7.600902459542082,4.787491742782046
LP001931,Female,No,0,Graduate,No,9,1,Semiurban,Y,8.32457884513685,-Inf,4.74493212836325
LP001935,Male,No,0,Graduate,No,9,1,Rural,Y,9.159888828480085,-Inf,5.231108616854587
LP001936,Male,Yes,0,Graduate,No,9,1,Rural,Y,8.031060180240619,7.789868559054706,4.9344739331306915
LP001938,Male,Yes,2,Graduate,No,9,0,Semiurban,N,8.389359819906353,-Inf,4.844187086458591
LP001940,Male,Yes,2,Graduate,No,9,1,Urban,Y,8.056109659545061,7.352441100243583,4.897839799950911
LP001945,Female,No,NA,Graduate,No,10,0,Urban,N,8.597297435657898,-Inf,4.962844630259907
LP001947,Male,Yes,0,Graduate,No,9,1,Semiurban,Y,7.776115477098742,8.111928063310739,5.147494476813453
LP001949,Male,Yes,3+,Graduate,NA,9,1,Urban,Y,8.392989587956931,7.1308988302963465,4.700480365792417
LP001953,Male,Yes,1,Graduate,No,9,1,Semiurban,Y,8.835646922534773,-Inf,5.298317366548036
LP001954,Female,Yes,1,Graduate,No,9,1,Urban,Y,8.448057452581375,-Inf,4.90527477843843
LP001955,Female,No,0,Graduate,No,10,1,Rural,N,8.517193191416238,7.840312983320164,5.017279836814924
LP001963,Male,Yes,1,Graduate,No,9,1,Urban,N,7.607878073278507,7.981049759665957,4.727387818712341
LP001964,Male,Yes,0,Not Graduate,No,9,0,Urban,N,7.495541943884256,7.984121958702927,4.532599493153256
LP001972,Male,Yes,NA,Not Graduate,No,9,1,Semiurban,Y,7.963807953231451,7.4673710669175595,4.653960350157523
LP001974,Female,No,0,Graduate,No,9,1,Rural,Y,8.517193191416238,-Inf,4.882801922586371
LP001977,Male,Yes,1,Graduate,No,9,1,Urban,Y,7.393263094763838,7.497207223203318,4.564348191467836
LP001978,Male,No,0,Graduate,No,9,1,Rural,Y,8.294049640102028,7.824046010856292,4.941642422609304
LP001990,Male,No,0,Not Graduate,No,9,1,Urban,N,7.600902459542082,-Inf,NA
LP001993,Female,No,0,Graduate,No,9,1,Rural,Y,8.232706009860976,7.418180822726788,4.90527477843843
LP001994,Female,No,0,Graduate,No,9,0,Urban,N,7.783224016336037,7.529943370601589,4.6443908991413725
LP001996,Male,No,0,Graduate,No,9,1,Rural,N,9.915070213779195,-Inf,6.173786103901937
LP001998,Male,Yes,2,Not Graduate,No,9,NA,Rural,Y,8.944680683558895,-Inf,5.220355825078324
LP002002,Female,No,0,Graduate,No,9,1,Semiurban,Y,7.978310969867722,-Inf,4.430816798843313
LP002004,Male,No,0,Not Graduate,No,9,1,Semiurban,Y,7.9817332866918855,7.785305182539862,4.709530201312334
LP002006,Female,No,0,Graduate,No,9,1,Rural,Y,7.826842098158293,-Inf,4.02535169073515
LP002008,Male,Yes,2,Graduate,Yes,4,NA,Rural,Y,8.656259239539235,-Inf,4.969813299576001
LP002024,NA,Yes,0,Graduate,No,9,1,Rural,N,7.813187267521416,7.519149957669823,5.0689042022202315
LP002031,Male,Yes,1,Not Graduate,No,6,1,Urban,Y,8.131236549696116,7.402451520818244,4.709530201312334
LP002035,Male,Yes,2,Graduate,No,9,1,Semiurban,Y,8.220672170297252,-Inf,4.787491742782046
LP002036,Male,Yes,0,Graduate,No,9,NA,Urban,Y,7.629489916393995,7.665753431861699,4.477336814478207
LP002043,Female,No,1,Graduate,No,9,NA,Semiurban,Y,8.172164452111904,-Inf,4.718498871295094
LP002050,Male,Yes,1,Graduate,Yes,9,1,Rural,N,9.210340371976184,-Inf,5.043425116919247
LP002051,Male,Yes,0,Graduate,No,9,1,Semiurban,Y,7.783224016336037,7.681099001536359,4.74493212836325
LP002053,Male,Yes,3+,Graduate,No,9,1,Semiurban,Y,8.376090350438238,5.241747015059643,4.820281565605037
LP002054,Male,Yes,2,Not Graduate,No,9,1,Rural,Y,8.188966863648876,7.371489295214277,NA
LP002055,Female,No,0,Graduate,No,9,NA,Rural,Y,8.060224240440958,8.001355025826703,4.882801922586371
LP002065,Male,Yes,3+,Graduate,No,9,1,Rural,Y,9.615805480084347,-Inf,5.703782474656201
LP002067,Male,Yes,1,Graduate,Yes,9,0,Rural,N,9.067162602299854,8.513787398281405,5.929589143389895
LP002068,Male,No,0,Graduate,No,9,0,Rural,Y,8.50045386741194,-Inf,4.867534450455582
LP002082,Male,Yes,0,Graduate,Yes,9,1,Semiurban,Y,8.668711839055147,7.67786350067821,5.214935757608986
LP002086,Female,Yes,0,Graduate,No,9,1,Urban,N,8.374015421739909,7.804251383528112,4.700480365792417
LP002087,Female,No,0,Graduate,No,9,1,Urban,Y,7.824046010856292,-Inf,4.204692619390966
LP002097,Male,No,1,Graduate,No,9,1,Urban,Y,8.385716828627851,7.491645473605133,4.762173934797756
LP002098,Male,No,0,Graduate,No,9,1,Semiurban,Y,7.984462732262196,-Inf,4.584967478670572
LP002100,Male,No,NA,Graduate,No,9,1,Urban,Y,7.949091499830517,-Inf,4.2626798770413155
LP002101,Male,Yes,0,Graduate,NA,6,1,Urban,Y,11.05622495553552,-Inf,6.194405391104672
LP002103,NA,Yes,1,Graduate,Yes,6,1,Urban,Y,9.193499354780156,7.513709247839705,5.204006687076795
LP002106,Male,Yes,NA,Graduate,Yes,NA,1,Semiurban,Y,8.613048677059759,8.4096079807363,4.248495242049359
LP002110,Male,Yes,1,Graduate,NA,9,1,Rural,Y,8.565983355585669,6.5337888379333435,5.075173815233827
LP002112,Male,Yes,2,Graduate,Yes,9,1,Rural,Y,7.824046010856292,8.433811582477187,5.170483995038151
LP002113,Female,No,3+,Not Graduate,No,9,0,Urban,N,7.512071245835466,-Inf,NA
LP002114,Female,No,0,Graduate,No,9,1,Semiurban,Y,8.333270353255308,-Inf,4.2626798770413155
LP002115,Male,Yes,3+,Not Graduate,No,9,1,Rural,N,7.881182202227102,7.369600720526409,5.153291594497779
LP002116,Female,No,0,Graduate,No,9,1,Rural,N,7.774015077250727,-Inf,3.828641396489095
LP002119,Male,Yes,1,Not Graduate,No,9,1,Urban,Y,8.423761246623686,7.113956109566034,5.062595033026967
LP002126,Male,Yes,3+,Not Graduate,No,9,1,Semiurban,Y,8.062432791583195,-Inf,4.30406509320417
LP002128,Male,Yes,2,Graduate,NA,9,1,Rural,Y,7.8567067930958405,7.753623546559746,4.8283137373023015
LP002129,Male,Yes,0,Graduate,No,9,1,Semiurban,Y,7.823645930834952,7.80710329012598,5.075173815233827
LP002130,Male,Yes,NA,Not Graduate,No,9,0,Rural,N,8.167068178341237,8.080237416216702,5.0238805208462765
LP002131,Male,Yes,2,Not Graduate,No,9,1,Urban,Y,8.03365842788615,7.681560362559537,4.836281906951478
LP002137,Male,Yes,0,Graduate,No,9,NA,Semiurban,Y,8.753529336516431,8.430109084509125,5.556828061699537
LP002138,Male,Yes,0,Graduate,No,9,1,Rural,Y,7.872836175025724,8.740336742730447,5.231108616854587
LP002139,Male,Yes,0,Graduate,No,9,1,Semiurban,Y,9.114159813502214,-Inf,5.429345628954441
LP002140,Male,No,0,Graduate,No,9,1,Rural,N,9.07680897935166,8.334951631422454,5.730099782973574
LP002141,Male,Yes,3+,Graduate,No,9,1,Rural,Y,7.888334500738654,7.641564441260972,4.553876891600541
LP002142,Female,Yes,0,Graduate,Yes,9,0,Rural,N,8.612503371220562,-Inf,4.653960350157523
LP002143,Female,Yes,0,Graduate,No,9,1,Semiurban,Y,7.792761720816526,6.22455842927536,4.867534450455582
LP002144,Female,No,NA,Graduate,No,6,1,Urban,Y,8.246171559857563,-Inf,4.7535901911063645
LP002149,Male,Yes,2,Graduate,No,9,1,Rural,Y,9.027978814382207,8.06054004653864,5.10594547390058
LP002151,Male,Yes,1,Graduate,No,9,1,Urban,N,8.262300941787448,-Inf,4.204692619390966
LP002158,Male,Yes,0,Not Graduate,No,10,0,Urban,N,8.006367567650246,7.418180822726788,4.605170185988092
LP002160,Male,Yes,3+,Graduate,No,9,1,Semiurban,Y,8.550047528287184,8.06054004653864,5.298317366548036
LP002161,Female,No,1,Graduate,No,9,1,Semiurban,N,8.460199469896118,-Inf,4.394449154672439
LP002170,Male,Yes,2,Graduate,No,9,1,Semiurban,Y,8.517193191416238,8.207129168071326,5.4638318050256105
LP002175,Male,Yes,0,Graduate,No,9,1,Urban,Y,8.465899897028686,7.75491027202143,4.867534450455582
LP002178,Male,Yes,0,Graduate,No,8,NA,Urban,Y,8.0106915391303,8.017307507688582,4.553876891600541
LP002180,Male,No,0,Graduate,Yes,9,1,Rural,Y,8.82790796297859,-Inf,4.948759890378168
LP002181,Male,No,0,Not Graduate,No,9,1,Rural,N,8.734881892047483,-Inf,4.890349128221754
LP002187,Male,No,0,Graduate,No,10,1,Semiurban,N,7.824046010856292,-Inf,4.564348191467836
LP002188,Male,No,0,Graduate,No,NA,0,Rural,N,8.541690663016626,-Inf,4.820281565605037
LP002190,Male,Yes,1,Graduate,No,9,1,Semiurban,Y,8.752265313595721,-Inf,5.1647859739235145
LP002191,Male,Yes,0,Graduate,No,9,1,Rural,N,9.889895599016661,8.569026340056254,6.345636360828596
LP002194,Female,No,0,Graduate,Yes,9,1,Semiurban,Y,9.665166909622071,-Inf,4.007333185232471
LP002197,Male,Yes,2,Graduate,No,9,1,Semiurban,Y,8.553525120663627,-Inf,5.043425116919247
LP002201,Male,Yes,2,Graduate,Yes,8,1,Rural,Y,9.140239744296693,8.971194463184467,5.940171252720432
LP002205,Male,No,1,Graduate,No,6,0,Urban,N,8.026823576217629,7.594381242551817,4.709530201312334
LP002209,Female,No,0,Graduate,NA,9,1,Urban,Y,7.92443418488756,7.285506548522785,4.700480365792417
LP002211,Male,Yes,0,Graduate,No,6,1,Urban,Y,8.479906606630221,6.827629234502852,4.787491742782046
LP002219,Male,Yes,3+,Graduate,No,9,1,Rural,Y,9.07680897935166,8.516392871245468,4.867534450455582
LP002223,Male,Yes,0,Graduate,No,9,NA,Semiurban,Y,8.368693183097793,-Inf,4.867534450455582
LP002224,Male,No,0,Graduate,No,10,1,Urban,N,8.029107054619736,-Inf,4.2626798770413155
LP002225,Male,Yes,2,Graduate,No,9,1,Urban,Y,8.592486175451668,-Inf,4.867534450455582
LP002226,Male,Yes,0,Graduate,NA,9,1,Semiurban,Y,8.11162807830774,7.824046010856292,4.852030263919617
LP002229,Male,No,0,Graduate,No,9,1,Semiurban,Y,8.689632748355741,8.350429973538136,5.69035945432406
LP002231,Female,No,0,Graduate,No,9,1,Urban,Y,8.699514748210191,-Inf,5.049856007249537
LP002234,Male,No,0,Graduate,Yes,9,1,Urban,Y,8.877242435993919,-Inf,4.852030263919617
LP002236,Male,Yes,2,Graduate,No,9,1,Urban,N,8.42639282708974,-Inf,4.605170185988092
LP002237,Male,No,1,Graduate,NA,6,1,Urban,Y,8.207129168071326,-Inf,4.727387818712341
LP002239,Male,No,0,Not Graduate,No,9,1,Semiurban,Y,7.76046702921342,7.3777589082278725,4.882801922586371
LP002243,Male,Yes,0,Not Graduate,No,9,0,Urban,N,8.009695357742922,8.0507033814703,NA
LP002244,Male,Yes,0,Graduate,No,9,1,Urban,Y,7.75491027202143,7.790282380703483,4.912654885736052
LP002250,Male,Yes,0,Graduate,No,9,1,Rural,Y,8.610319169405722,-Inf,4.8283137373023015
LP002255,Male,No,3+,Graduate,No,9,1,Rural,Y,9.1233653579617755,-Inf,5.220355825078324
LP002262,Male,Yes,3+,Graduate,No,9,1,Rural,Y,9.159468041602427,-Inf,5.616771097666572
LP002263,Male,Yes,0,Graduate,No,9,NA,Urban,Y,7.8567067930958405,7.656810091480378,4.787491742782046
LP002265,Male,Yes,2,Not Graduate,No,6,1,Semiurban,Y,7.597396320212795,7.393263094763838,4.727387818712341
LP002266,Male,Yes,2,Graduate,No,9,1,Urban,Y,8.039157390473237,7.24422751560335,4.727387818712341
LP002272,Male,Yes,2,Graduate,No,9,NA,Semiurban,Y,8.09437844497296,6.182084906716632,4.90527477843843
LP002277,Female,No,0,Graduate,No,9,0,Urban,N,8.064636475774222,-Inf,4.2626798770413155
LP002281,Male,Yes,0,Graduate,No,9,1,Urban,Y,8.017307507688582,7.285506548522785,4.553876891600541
LP002284,Male,No,0,Not Graduate,No,9,1,Rural,Y,8.269244521183056,7.418180822726788,4.6913478822291435
LP002287,Female,No,0,Graduate,No,9,0,Semiurban,N,7.313220387090301,7.495541943884256,4.634728988229636
LP002288,Male,Yes,2,Not Graduate,No,6,0,Urban,N,7.968665700466235,-Inf,3.8066624897703196
LP002296,Male,No,0,Not Graduate,No,8,1,Rural,N,7.9211727215870145,-Inf,4.174387269895637
LP002297,Male,No,0,Graduate,No,9,1,Semiurban,Y,7.824046010856292,9.903487552536127,4.634728988229636
LP002300,Female,No,0,Not Graduate,No,9,1,Semiurban,Y,7.5822291942764615,-Inf,3.970291913552122
LP002301,Female,No,0,Graduate,Yes,9,1,Rural,N,8.914760527397261,-Inf,5.267858159063328
LP002305,Female,No,0,Graduate,No,9,1,Semiurban,Y,8.42222295382501,-Inf,4.74493212836325
LP002308,Male,Yes,0,Not Graduate,No,9,1,Urban,Y,7.681099001536359,7.783224016336037,4.74493212836325
LP002314,Female,No,0,Not Graduate,No,9,1,Rural,Y,7.70210434005105,-Inf,4.189654742026425
LP002315,Male,Yes,1,Graduate,No,8,0,Semiurban,N,9.02401079378469,-Inf,5.0238805208462765
LP002317,Male,Yes,3+,Graduate,No,9,0,Rural,N,11.302204433654575,-Inf,5.886104031450156
LP002318,Female,No,1,Not Graduate,Yes,9,1,Semiurban,N,8.260234291607297,-Inf,4.127134385045092
LP002319,Male,Yes,0,Graduate,NA,9,NA,Urban,Y,8.741296282225147,-Inf,5.075173815233827
LP002328,Male,Yes,0,Not Graduate,No,9,0,Rural,N,8.715388097366482,-Inf,5.384495062789089
LP002332,Male,Yes,0,Not Graduate,No,9,1,Rural,Y,7.720017940432244,7.617267813628347,4.700480365792417
LP002335,Female,Yes,0,Not Graduate,No,9,0,Semiurban,N,7.67275789664251,8.082402253926244,5.181783550292085
LP002337,Female,No,0,Graduate,No,9,1,Urban,Y,8.00469951054955,-Inf,4.0943445622221
LP002341,Female,No,1,Graduate,No,9,1,Urban,N,7.8632667240095735,-Inf,5.075173815233827
LP002342,Male,Yes,2,Graduate,Yes,9,1,Urban,N,7.3777589082278725,9.903487552536127,5.476463551931511
LP002345,Male,Yes,0,Graduate,No,9,1,Rural,Y,6.932447891572509,7.927685045615778,4.718498871295094
LP002347,Male,Yes,0,Graduate,No,9,1,Semiurban,Y,8.085178748074537,7.256297239690681,4.927253685157205
LP002348,Male,Yes,0,Graduate,No,9,1,Rural,Y,8.67060073804555,-Inf,4.927253685157205
LP002357,Female,No,0,Not Graduate,No,NA,0,Urban,N,7.908387159290043,-Inf,4.382026634673881
LP002361,Male,Yes,0,Graduate,No,9,1,Urban,Y,7.506591780070841,7.449498005382849,4.605170185988092
LP002362,Male,Yes,1,Graduate,No,NA,0,Urban,N,8.88875674784872,7.418780882750794,4.700480365792417
LP002364,Male,Yes,0,Graduate,No,9,1,Semiurban,Y,9.607773308387083,-Inf,4.564348191467836
LP002366,Male,Yes,0,Graduate,No,9,1,Rural,Y,7.888334500738654,8.366370301681654,4.795790545596741
LP002367,Female,No,1,Not Graduate,No,9,1,Rural,N,8.43511508038063,-Inf,4.394449154672439
LP002368,Male,Yes,2,Graduate,No,9,1,Semiurban,Y,8.688622307043769,-Inf,4.890349128221754
LP002369,Male,Yes,0,Graduate,No,9,1,Rural,Y,7.979338895262328,2.780060789187662,4.465908118654584
LP002370,Male,No,0,Not Graduate,No,6,1,Urban,Y,7.907283609426348,-Inf,4.0943445622221
LP002377,Female,No,1,Graduate,Yes,9,1,Semiurban,Y,9.06230429314878,-Inf,5.0106352940962555
LP002379,Male,No,0,Graduate,No,9,0,Rural,N,8.779557455883728,-Inf,4.653960350157523
LP002386,Male,No,0,Graduate,NA,9,1,Semiurban,Y,9.463120392418698,-Inf,6.003887067106539
LP002387,Male,Yes,0,Graduate,No,9,1,Semiurban,Y,7.793586803371584,7.757906208351747,4.962844630259907
LP002390,Male,No,0,Graduate,No,9,1,Urban,Y,8.229511118964457,-Inf,4.605170185988092
LP002393,Female,NA,NA,Graduate,No,7,1,Semiurban,Y,9.215029361462314,-Inf,NA
LP002398,Male,No,0,Graduate,No,9,1,Semiurban,Y,7.563200592358071,7.523481312573497,3.912023005428146
LP002401,Male,Yes,0,Graduate,No,9,1,Urban,Y,7.70210434005105,7.025538314638521,NA
LP002403,Male,No,0,Graduate,Yes,9,0,Urban,N,9.251098364448351,-Inf,5.231108616854587
LP002407,Female,Yes,0,Not Graduate,Yes,9,1,Rural,Y,8.873748128154395,-Inf,4.927253685157205
LP002408,Male,No,0,Graduate,No,9,1,Semiurban,Y,8.205218426395412,8.529911963824013,5.231108616854587
LP002409,Male,Yes,0,Graduate,No,9,1,Rural,Y,8.974744612722734,7.513709247839705,5.19295685089021
LP002418,Male,No,3+,Not Graduate,No,9,1,Semiurban,Y,8.456806041401142,7.597396320212795,4.997212273764115
LP002422,Male,No,1,Graduate,No,9,1,Semiurban,Y,10.537919225261291,-Inf,5.0238805208462765
LP002424,Male,Yes,0,Graduate,No,8,NA,Rural,Y,8.9001399880938,9.027978814382207,5.1647859739235145
LP002429,Male,Yes,1,Graduate,Yes,9,1,Rural,Y,8.150756470275551,7.098375638590786,4.867534450455582
LP002434,Male,Yes,2,Not Graduate,No,9,1,Rural,Y,8.445052513638554,-Inf,4.700480365792417
LP002435,Male,Yes,0,Graduate,NA,9,1,Rural,N,8.171599480345463,7.226936018493289,4.007333185232471
LP002443,Male,Yes,2,Graduate,No,9,0,Rural,N,8.113726085970747,7.444248649496705,5.0106352940962555
LP002444,Male,No,1,Not Graduate,Yes,9,NA,Semiurban,N,7.926241523170962,7.340835554123275,5.247024072160486
LP002446,Male,Yes,2,Not Graduate,No,9,0,Rural,N,7.744569809354496,7.134890851565884,4.8283137373023015
LP002447,Male,Yes,2,Not Graduate,No,8,NA,Urban,Y,7.579678823090456,7.283448228756631,4.0943445622221
LP002448,Male,Yes,0,Graduate,No,9,0,Rural,N,8.280964400553373,7.457609289715606,5.003946305945459
LP002449,Male,Yes,0,Graduate,No,6,0,Rural,Y,7.817222785508166,7.81035268372429,4.499809670330265
LP002453,Male,No,0,Graduate,Yes,9,1,Semiurban,Y,8.865735152124781,-Inf,4.430816798843313
LP002455,Male,Yes,2,Graduate,No,9,1,Semiurban,Y,8.258163361537619,-Inf,4.564348191467836
LP002459,Male,Yes,0,Graduate,No,9,1,Urban,Y,8.366602832783736,-Inf,4.770684624465665
LP002467,Male,Yes,0,Graduate,No,9,1,Urban,N,8.218247926685745,7.851271997109883,5.153291594497779
LP002472,Male,No,2,Graduate,No,9,1,Rural,Y,8.378850241794492,-Inf,4.912654885736052
LP002473,Male,Yes,0,Graduate,No,9,1,Semiurban,N,9.0280988119824,-Inf,5.075173815233827
LP002478,NA,Yes,0,Graduate,Yes,9,NA,Semiurban,Y,7.641564441260972,8.314587291319576,5.075173815233827
LP002484,Male,Yes,3+,Graduate,No,6,1,Urban,Y,8.954156966583772,-Inf,4.852030263919617
LP002487,Male,Yes,0,Graduate,No,9,1,Rural,Y,8.011355109161286,7.690743163541872,5.030437921392435
LP002489,Female,No,1,Not Graduate,NA,9,1,Semiurban,Y,8.55468163582723,-Inf,4.882801922586371
LP002493,Male,No,0,Graduate,No,9,0,Semiurban,N,8.334711621820917,-Inf,4.584967478670572
LP002494,Male,No,0,Graduate,No,9,1,Rural,Y,8.699514748210191,-Inf,4.941642422609304
LP002500,Male,Yes,3+,Not Graduate,No,6,0,Urban,N,7.988542982737695,7.416979621381154,4.248495242049359
LP002501,NA,Yes,0,Graduate,No,9,1,Semiurban,Y,9.722684841711443,-Inf,4.700480365792417
LP002502,Female,Yes,2,Not Graduate,NA,9,1,Semiurban,Y,5.3471075307174685,7.978310969867722,4.584967478670572
LP002505,Male,Yes,0,Graduate,No,9,1,Urban,N,8.374015421739909,7.804251383528112,4.700480365792417
LP002515,Male,Yes,1,Graduate,Yes,9,1,Semiurban,Y,8.146129510025405,7.639642287858013,5.087596335232384
LP002517,Male,Yes,1,Not Graduate,No,6,0,Rural,N,7.88344635413774,7.313220387090301,4.727387818712341
LP002519,Male,Yes,3+,Graduate,No,9,1,Semiurban,Y,8.453401058328458,-Inf,4.605170185988092
LP002522,Female,No,0,Graduate,Yes,9,NA,Urban,Y,7.824046010856292,-Inf,4.532599493153256
LP002524,Male,No,2,Graduate,No,9,1,Rural,Y,8.61830469278465,8.444192298531748,5.087596335232384
LP002527,Male,Yes,2,Graduate,Yes,9,1,Rural,Y,9.712629664719888,6.921658184151129,5.0106352940962555
LP002529,Male,Yes,2,Graduate,No,8,1,Semiurban,Y,8.809862805379057,7.4673710669175595,5.438079308923196
LP002530,NA,Yes,2,Graduate,No,9,0,Semiurban,N,7.96311205897929,7.534762657037537,4.882801922586371
LP002531,Male,Yes,1,Graduate,Yes,9,1,Semiurban,Y,9.721185995542177,7.718685495198466,4.454347296253507
LP002533,Male,Yes,2,Graduate,No,9,1,Urban,N,7.988542982737695,7.3796321526095525,NA
LP002534,Female,No,0,Not Graduate,No,9,1,Rural,Y,8.37793112408273,-Inf,5.0369526024136295
LP002536,Male,Yes,3+,Not Graduate,No,9,1,Rural,Y,8.037543185118697,-Inf,4.727387818712341
LP002537,Male,Yes,0,Graduate,No,9,1,Semiurban,Y,7.641564441260972,8.055157731819678,4.852030263919617
LP002541,Male,Yes,0,Graduate,No,9,1,Semiurban,Y,9.290352309945568,-Inf,5.455321115357702
LP002543,Male,Yes,2,Graduate,No,9,1,Semiurban,Y,9.027978814382207,-Inf,5.5053315359323625
LP002544,Male,Yes,1,Not Graduate,No,9,1,Rural,Y,7.579678823090456,7.798112628829788,4.875197323201151
LP002545,Male,No,2,Graduate,No,9,0,Rural,N,8.173857454773621,-Inf,4.382026634673881
LP002547,Male,Yes,1,Graduate,No,9,1,Urban,N,9.816457993563025,-Inf,6.214608098422191
LP002555,Male,Yes,2,Graduate,Yes,9,1,Semiurban,Y,8.430109084509125,7.641564441260972,5.075173815233827
LP002556,Male,No,0,Graduate,No,9,1,Urban,N,7.79770203551669,-Inf,4.31748811353631
LP002560,Male,No,0,Not Graduate,No,9,NA,Semiurban,Y,7.900636613018005,7.932003152361385,4.564348191467836
LP002562,Male,Yes,1,Not Graduate,No,9,NA,Urban,Y,8.581669210600602,7.030857476116121,5.225746673713202
LP002571,Male,No,0,Not Graduate,No,9,1,Rural,Y,8.213652703029998,-Inf,4.700480365792417
LP002582,Female,No,0,Not Graduate,Yes,9,1,Semiurban,Y,9.756320761816548,-Inf,5.41610040220442
LP002585,Male,Yes,0,Graduate,No,9,0,Rural,N,8.187855443695623,7.676473646389156,4.77912349311153
LP002586,Female,Yes,1,Graduate,No,4,1,Semiurban,Y,8.109525659752872,6.816735880594968,4.653960350157523
LP002587,Male,Yes,0,Not Graduate,No,9,1,Rural,Y,7.8632667240095735,7.438383530044307,4.672828834461906
LP002588,Male,Yes,0,Graduate,No,1,NA,Urban,Y,8.439231649946526,7.957527402230773,4.709530201312334
LP002600,Male,Yes,1,Graduate,Yes,9,1,Semiurban,Y,7.970740390007095,-Inf,4.553876891600541
LP002602,Male,No,0,Graduate,No,9,0,Rural,N,8.745602852402946,8.392989587956931,5.342334251964811
LP002603,Female,No,0,Graduate,No,10,1,Rural,Y,6.4692503167957724,8.211482916445066,4.727387818712341
LP002606,Female,No,0,Graduate,No,9,1,Semiurban,Y,8.058010800802085,-Inf,4.605170185988092
LP002615,Male,Yes,2,Graduate,No,9,1,Semiurban,Y,8.489821994620105,8.6347984334905,5.337538079701318
LP002618,Male,Yes,1,Not Graduate,No,9,NA,Rural,N,8.306472160100585,8.57583938684897,4.927253685157205
LP002619,Male,Yes,0,Not Graduate,No,8,1,Semiurban,Y,8.246433786160365,7.301822342137932,4.820281565605037
LP002622,Male,Yes,2,Graduate,No,9,1,Rural,Y,8.163371316459912,8.392989587956931,5.493061443340548
LP002624,Male,Yes,0,Graduate,No,9,NA,Urban,Y,9.944293546928382,8.80492526261806,6.173786103901937
LP002625,NA,No,0,Graduate,No,9,1,Urban,N,8.183955717304954,-Inf,4.564348191467836
LP002626,Male,Yes,0,Graduate,Yes,9,1,Urban,Y,7.8156105320351905,8.0106915391303,5.236441962829949
LP002634,Female,No,1,Graduate,No,9,1,Urban,Y,9.492658081928813,-Inf,3.6888794541139363
LP002637,Male,No,0,Not Graduate,No,9,1,Rural,N,8.188133414510478,7.160069207596127,4.605170185988092
LP002640,Male,Yes,1,Graduate,No,9,1,Semiurban,Y,8.71028982137815,7.602900462204755,5.521460917862246
LP002643,Male,Yes,2,Graduate,No,9,1,Urban,Y,8.096512917501594,7.618251097876695,4.997212273764115
LP002648,Male,Yes,0,Graduate,No,6,1,Semiurban,N,7.6638772587034705,8.804775258867686,4.248495242049359
LP002652,Male,No,0,Graduate,No,9,1,Rural,N,8.668196064952765,8.20685642839965,5.739792912179234
LP002659,Male,Yes,3+,Graduate,No,9,1,Rural,Y,8.150756470275551,8.13973227971767,5.0106352940962555
LP002670,Female,Yes,2,Graduate,No,10,1,Semiurban,Y,7.616283561580385,7.397561535524052,4.727387818712341
LP002682,Male,Yes,NA,Not Graduate,No,9,0,Semiurban,N,8.03073492409854,7.495541943884256,4.812184355372417
LP002683,Male,No,0,Graduate,No,9,1,Semiurban,N,8.451694209183541,7.557472901614746,5.220355825078324
LP002684,Female,No,0,Not Graduate,No,9,1,Rural,N,8.131530710604252,-Inf,4.553876891600541
LP002689,Male,Yes,2,Not Graduate,No,9,1,Semiurban,Y,7.692569648067906,7.462789157412448,3.8066624897703196
LP002690,Male,No,0,Graduate,No,9,1,Semiurban,Y,7.824046010856292,-Inf,4.007333185232471
LP002692,Male,Yes,3+,Graduate,Yes,9,1,Rural,Y,8.644178203170727,7.261225091971921,4.605170185988092
LP002693,Male,Yes,2,Graduate,Yes,9,1,Rural,Y,8.980675603671708,8.8771028978649,6.173786103901937
LP002697,Male,No,0,Graduate,No,9,1,Semiurban,N,8.451053388911692,7.643482907077201,NA
LP002699,Male,Yes,2,Graduate,Yes,9,1,Rural,Y,9.769956159911606,-Inf,5.991464547107982
LP002705,Male,Yes,0,Graduate,No,9,1,Semiurban,Y,8.236155661683124,-Inf,4.700480365792417
LP002706,Male,Yes,1,Not Graduate,No,9,0,Semiurban,Y,8.572627898304338,7.265429723253953,5.081404364984463
LP002714,Male,No,1,Not Graduate,No,9,1,Semiurban,Y,7.893198869544609,7.171656822768514,4.543294782270004
LP002716,Male,No,0,Not Graduate,No,9,1,Semiurban,Y,8.82217476094608,-Inf,4.867534450455582
LP002717,Male,Yes,0,Graduate,No,9,NA,Rural,Y,6.932447891572509,8.612503371220562,5.375278407684165
LP002720,Male,Yes,3+,Graduate,No,9,1,Urban,Y,8.361941906144946,-Inf,4.605170185988092
LP002723,Male,No,2,Graduate,No,9,0,Rural,N,8.185350223178686,-Inf,4.700480365792417
LP002729,Male,No,1,Graduate,No,9,NA,Semiurban,N,9.328123407632566,-Inf,5.278114659230517
LP002731,Female,No,0,Not Graduate,Yes,9,1,Urban,Y,9.807251944655302,-Inf,4.8283137373023015
LP002732,Male,No,0,Not Graduate,NA,9,1,Rural,Y,7.843848638152472,7.621684998724611,4.836281906951478
LP002734,Male,Yes,0,Graduate,No,9,1,Urban,Y,8.721439305625983,8.270269111436624,5.780743515792329
LP002738,Male,No,2,Graduate,No,9,1,Semiurban,Y,8.193400231952097,-Inf,4.672828834461906
LP002739,Male,Yes,0,Not Graduate,No,9,1,Rural,N,7.978310969867722,6.284134161070802,4.189654742026425
LP002740,Male,Yes,3+,Graduate,No,6,1,Rural,Y,8.766705997750515,-Inf,5.056245805348308
LP002741,Female,Yes,1,Graduate,No,6,1,Semiurban,Y,8.435549202375727,7.953318346560431,4.941642422609304
LP002743,Female,No,0,Graduate,No,9,0,Semiurban,N,7.6676260915849905,-Inf,4.59511985013459
LP002753,Female,No,1,Graduate,NA,9,1,Semiurban,Y,8.20303024171486,-Inf,4.553876891600541
LP002755,Male,Yes,1,Not Graduate,No,9,1,Urban,Y,7.713784616598755,7.8336002236611035,4.852030263919617
LP002757,Female,Yes,0,Not Graduate,No,9,NA,Semiurban,Y,8.012018239159062,6.4967749901858625,4.624972813284271
LP002767,Male,Yes,0,Graduate,No,9,1,Rural,Y,7.92588031673756,7.575584651557793,5.043425116919247
LP002768,Male,No,0,Not Graduate,No,2,1,Semiurban,N,8.119100837637486,-Inf,4.382026634673881
LP002772,Male,No,0,Graduate,No,9,1,Rural,Y,7.8343923029104365,7.48605261786314,4.976733742420574
LP002776,Female,No,0,Graduate,No,9,0,Semiurban,N,8.517193191416238,-Inf,4.634728988229636
LP002777,Male,Yes,0,Graduate,No,9,1,Rural,Y,7.932003152361385,7.60887062919126,4.700480365792417
LP002778,Male,Yes,2,Graduate,Yes,9,0,Rural,N,8.799812469525556,-Inf,NA
LP002784,Male,Yes,1,Not Graduate,No,9,1,Rural,Y,7.820840879907344,7.772752716468742,NA
LP002785,Male,Yes,1,Graduate,No,9,1,Urban,Y,8.11162807830774,8.086410275323782,5.062595033026967
LP002788,Male,Yes,0,Not Graduate,No,9,0,Urban,N,7.805474625270857,7.75491027202143,5.198497031265826
LP002789,Male,Yes,0,Graduate,No,6,0,Rural,N,8.186742787113518,8.358431899031295,4.882801922586371
LP002792,Male,Yes,1,Graduate,No,9,1,Semiurban,Y,8.60666819784384,6.939253946041508,3.258096538021482
LP002794,Female,No,0,Graduate,No,9,NA,Urban,Y,7.888709524182015,7.393263094763838,4.430816798843313
LP002795,Male,Yes,3+,Graduate,Yes,9,1,Semiurban,Y,9.22414465295258,-Inf,5.560681631015528
LP002798,Male,Yes,0,Graduate,No,9,1,Semiurban,Y,8.265392930852224,7.889459149404524,5.087596335232384
LP002804,Female,Yes,0,Graduate,No,9,1,Semiurban,Y,8.338066525518801,7.743269700829004,5.204006687076795
LP002807,Male,Yes,2,Not Graduate,No,9,1,Semiurban,Y,8.209308411646937,5.488937726156687,4.68213122712422
LP002813,Female,Yes,1,Graduate,Yes,9,1,Semiurban,Y,9.877348894926433,-Inf,6.396929655216146
LP002820,Male,Yes,0,Graduate,No,9,1,Rural,Y,8.686598356276965,7.627544390488503,5.351858133476067
LP002821,Male,No,0,Not Graduate,Yes,9,1,Semiurban,Y,8.66561319653451,-Inf,4.882801922586371
LP002832,Male,Yes,2,Graduate,No,9,0,Urban,N,9.08239335764556,-Inf,5.552959584921617
LP002833,Male,Yes,0,Not Graduate,No,9,NA,Rural,Y,8.404472321352118,-Inf,4.787491742782046
LP002836,Male,No,0,Graduate,No,9,1,Urban,Y,8.11162807830774,-Inf,4.248495242049359
LP002837,Male,Yes,3+,Graduate,No,9,0,Rural,N,8.131530710604252,7.824046010856292,4.812184355372417
LP002840,Female,No,0,Graduate,No,9,1,Urban,N,7.774015077250727,-Inf,2.1972245773362196
LP002841,Male,Yes,0,Graduate,No,9,0,Urban,N,8.060224240440958,7.6324011266014535,4.6443908991413725
LP002842,Male,Yes,1,Graduate,No,9,1,Urban,Y,8.136518252115291,7.4673710669175595,5.225746673713202
LP002847,Male,Yes,NA,Graduate,No,9,0,Urban,N,8.540128162698734,7.280008252884188,5.10594547390058
LP002855,Male,Yes,2,Graduate,No,9,1,Urban,Y,9.721125994942152,-Inf,5.616771097666572
LP002862,Male,Yes,2,Not Graduate,No,10,1,Semiurban,N,8.720134035412928,7.393263094763838,5.231108616854587
LP002863,Male,Yes,3+,Graduate,No,9,1,Semiurban,N,8.764990330169104,-Inf,5.0106352940962555
LP002868,Male,Yes,2,Graduate,No,4,1,Urban,Y,8.058010800802085,6.133398042996649,4.68213122712422
LP002872,NA,Yes,0,Graduate,No,9,0,Semiurban,N,8.034955024502159,7.700747794511798,4.912654885736052
LP002874,Male,No,0,Graduate,No,9,1,Urban,Y,8.079927770758275,7.915348169263078,4.700480365792417
LP002877,Male,Yes,1,Graduate,No,9,1,Rural,Y,7.485491608030754,7.710653323501202,4.672828834461906
LP002888,Male,No,0,Graduate,NA,9,1,Urban,Y,8.065265208897733,7.978310969867722,5.081404364984463
LP002892,Male,Yes,2,Graduate,No,9,1,Semiurban,Y,8.785692444451245,-Inf,5.3230099791384085
LP002893,Male,No,0,Graduate,No,9,1,Urban,N,7.515344571180436,10.429310157308027,4.499809670330265
LP002894,Female,Yes,0,Graduate,No,9,1,Semiurban,Y,8.060224240440958,-Inf,3.58351893845611
LP002898,Male,Yes,1,Graduate,No,9,NA,Rural,N,7.539027055823995,-Inf,4.110873864173311
LP002911,Male,Yes,1,Graduate,No,9,0,Rural,N,7.932721027481948,7.558516743045645,4.983606621708336
LP002912,Male,Yes,1,Graduate,No,4,1,Rural,N,8.36240897761537,8.006367567650246,5.147494476813453
LP002916,Male,Yes,0,Graduate,No,9,1,Urban,Y,7.739359202689098,7.3277805384216315,4.6443908991413725
LP002917,Female,No,0,Not Graduate,No,9,1,Semiurban,Y,7.68017564043659,-Inf,4.248495242049359
LP002925,NA,No,0,Graduate,No,9,1,Semiurban,Y,8.465899897028686,-Inf,4.543294782270004
LP002926,Male,Yes,2,Graduate,Yes,9,0,Semiurban,N,7.9105906122564775,-Inf,4.663439094112067
LP002928,Male,Yes,0,Graduate,No,6,1,Semiurban,Y,8.006367567650246,8.13622555490846,4.02535169073515
LP002931,Male,Yes,2,Graduate,Yes,7,1,Semiurban,N,8.699514748210191,-Inf,5.3230099791384085
LP002933,NA,No,3+,Graduate,Yes,9,1,Semiurban,Y,9.143880005275912,-Inf,5.676753802268282
LP002936,Male,Yes,0,Graduate,No,6,1,Rural,Y,8.258163361537619,8.101677747454572,4.955827057601261
LP002938,Male,Yes,0,Graduate,Yes,9,1,Urban,Y,9.68781601606062,-Inf,5.560681631015528
LP002940,Male,No,0,Not Graduate,No,9,1,Rural,Y,8.251403065380556,-Inf,4.700480365792417
LP002941,Male,Yes,2,Not Graduate,Yes,9,1,Rural,N,8.761393485256058,6.907755278982137,5.231108616854587
LP002943,Male,No,NA,Graduate,No,9,0,Semiurban,N,8.00202481821611,-Inf,4.477336814478207
LP002945,Male,Yes,0,Graduate,Yes,9,1,Rural,Y,9.206633510044856,-Inf,5.19295685089021
LP002948,Male,Yes,2,Graduate,No,9,1,Urban,Y,8.662158961666423,-Inf,5.2574953720277815
LP002949,Female,No,3+,Graduate,NA,6,NA,Urban,N,6.030685260261263,10.637464727584328,5.857933154483459
LP002950,Male,Yes,0,Not Graduate,NA,9,1,Rural,Y,7.970394907191429,7.934513463882263,5.043425116919247
LP002953,Male,Yes,3+,Graduate,No,9,1,Urban,Y,8.648747631156539,-Inf,4.852030263919617
LP002958,Male,No,0,Graduate,No,9,1,Rural,Y,8.209580483475577,8.366602832783736,5.147494476813453
LP002959,Female,Yes,1,Graduate,No,9,1,Semiurban,Y,9.392661928770137,-Inf,6.206575926724928
LP002960,Male,Yes,0,Not Graduate,No,6,1,Urban,N,7.783224016336037,8.242756345714477,NA
LP002961,Male,Yes,1,Graduate,No,9,1,Semiurban,Y,8.131530710604252,7.824046010856292,5.153291594497779
LP002964,Male,Yes,2,Not Graduate,No,9,1,Rural,Y,8.290794347381356,7.252053951852814,5.056245805348308
LP002974,Male,Yes,0,Graduate,No,9,1,Rural,Y,8.080856419640986,7.575584651557793,4.68213122712422
LP002978,Female,No,0,Graduate,No,9,1,Rural,Y,7.9724660159745655,-Inf,4.2626798770413155
LP002979,Male,Yes,3+,Graduate,No,6,1,Rural,Y,8.32020459757888,-Inf,3.6888794541139363
LP002983,Male,Yes,1,Graduate,No,9,1,Urban,Y,8.996156562033445,5.480638923341991,5.53338948872752
LP002984,Male,Yes,2,Graduate,No,9,1,Urban,Y,8.933664178700935,-Inf,5.231108616854587
LP002990,Female,No,0,Graduate,Yes,9,0,Semiurban,N,8.430109084509125,-Inf,4.890349128221754
