Loan_ID,Gender,Married,Dependents,Education,Self_Employed,Loan_Amount_Term,Credit_History,Property_Area,ln_ApplicantIncome,ln_CoapplicantIncome,ln_LoanAmount,Loan_Status
LP001002,Male,No,0,Graduate,No,9,1,Urban,8.674196940225903,0,NA,1
LP001003,Male,Yes,1,Graduate,No,9,1,Rural,8.430327258394575,7.319202458767849,4.852030263919617,0
LP001005,Male,Yes,0,Graduate,Yes,9,1,Urban,8.006700845440367,0,4.189654742026425,1
LP001006,Male,Yes,0,Not Graduate,No,9,1,Urban,7.857093864902493,7.765993079407675,4.787491742782046,1
LP001008,Male,No,0,Graduate,No,9,1,Urban,8.699681400989514,0,4.948759890378168,1
LP001011,Male,Yes,2,Graduate,Yes,9,1,Urban,8.59748202264504,8.34212526333359,5.58724865840025,1
LP001013,Male,Yes,0,Not Graduate,No,9,1,Urban,7.755338812846501,7.324489979348532,4.553876891600541,1
LP001014,Male,Yes,3+,Graduate,No,9,0,Semiurban,8.01862546504575,7.826044013518965,5.062595033026967,0
LP001018,Male,Yes,2,Graduate,No,9,1,Urban,8.295798110636145,7.3310603052186325,5.123963979403259,1
LP001020,Male,Yes,1,Graduate,No,9,1,Semiurban,9.460476328353995,9.302828391411333,5.855071922202427,0
LP001024,Male,Yes,2,Graduate,No,9,1,Urban,8.071218539969863,6.55250788703459,4.248495242049359,1
LP001027,Male,Yes,2,Graduate,NA,9,1,Urban,7.824445930877619,7.518064181233078,4.6913478822291435,1
LP001028,Male,Yes,2,Graduate,No,9,1,Urban,8.03073492409854,9.000483164987708,5.298317366548036,1
LP001029,Male,No,0,Graduate,No,9,1,Rural,7.5251007461258,7.951911381854188,4.736198448394496,0
LP001030,Male,Yes,2,Graduate,No,5,1,Urban,7.170119543449628,6.99117688712121,2.833213344056216,1
LP001032,Male,No,0,Graduate,No,9,1,Urban,8.507344855361422,0,4.8283137373023015,1
LP001034,Male,No,1,Not Graduate,No,7,NA,Urban,8.187855443695623,0,4.605170185988092,1
LP001036,Female,No,0,Graduate,No,9,0,Urban,8.163656176168432,0,4.330733340286331,0
LP001038,Male,Yes,0,Not Graduate,No,9,1,Rural,8.494538500851432,0,4.890349128221754,0
LP001041,Male,Yes,0,Graduate,NA,NA,1,Urban,7.8636512654486515,8.160803920954665,4.74493212836325,1
LP001043,Male,Yes,0,Not Graduate,No,9,0,Urban,8.94389780251682,0,4.6443908991413725,0
LP001046,Male,Yes,1,Graduate,No,9,1,Urban,8.6921543938039,8.635153989049803,5.752572638825633,1
LP001047,Male,Yes,0,Not Graduate,No,9,0,Semiurban,7.8636512654486515,7.555905093611346,4.7535901911063645,0
LP001050,NA,Yes,2,Not Graduate,No,9,0,Rural,8.121480374750751,7.559038255443384,4.718498871295094,0
LP001052,Male,Yes,1,Graduate,NA,9,NA,Semiurban,8.220941168281389,7.98139158158007,5.017279836814924,0
LP001066,Male,Yes,0,Graduate,Yes,9,1,Semiurban,9.165447603085447,0,5.25227342804663,1
LP001068,Male,Yes,0,Graduate,No,9,1,Semiurban,7.937374696163295,7.720461694599722,4.804021044733257,1
LP001073,Male,Yes,2,Not Graduate,No,9,1,Urban,8.34924780056679,6.947937068614969,4.700480365792417,1
LP001086,Male,No,0,Not Graduate,No,9,1,Urban,7.274479558773871,0,3.5553480614894135,0
LP001087,Female,No,2,Graduate,NA,9,1,Semiurban,8.229777750081887,7.642044402873258,4.787491742782046,1
LP001091,Male,Yes,1,Graduate,NA,9,NA,Urban,8.334951631422454,8.122668023346407,5.303304908059076,0
LP001095,Male,No,0,Graduate,No,9,1,Urban,8.060855752934316,0,4.30406509320417,0
LP001097,Male,No,1,Graduate,Yes,9,1,Rural,8.453827315794417,0,4.663439094112067,0
LP001098,Male,Yes,0,Graduate,No,9,1,Semiurban,8.160803920954665,7.419380582918692,4.736198448394496,1
LP001100,Male,No,3+,Graduate,No,9,1,Rural,9.433563920090563,8.006700845440367,5.768320995793772,0
LP001106,Male,Yes,0,Graduate,No,9,1,Urban,7.730174795246222,7.63433723562832,NA,1
LP001109,Male,Yes,0,Graduate,No,NA,0,Urban,7.511524648390866,7.193685818395112,4.605170185988092,0
LP001112,Female,Yes,0,Graduate,No,9,1,Semiurban,8.207401833376355,7.286191714702382,4.969813299576001,1
LP001114,Male,No,0,Graduate,No,9,1,Urban,8.334951631422454,8.88336291691676,5.214935757608986,1
LP001116,Male,No,0,Not Graduate,No,9,1,Semiurban,8.229244416735913,7.419979923661835,4.700480365792417,1
LP001119,Male,No,0,Graduate,No,9,1,Urban,8.188966863648876,0,4.382026634673881,0
LP001120,Male,No,0,Graduate,No,9,1,Urban,7.496097345175956,7.101675971619444,3.8501476017100584,1
LP001123,Male,Yes,0,Graduate,No,9,NA,Urban,7.783640596221253,0,4.31748811353631,1
LP001131,Male,Yes,0,Graduate,No,9,1,Semiurban,8.279443487712665,7.756623334538858,4.897839799950911,1
LP001136,Male,Yes,0,Not Graduate,Yes,NA,1,Urban,8.454466361507933,0,4.564348191467836,1
LP001137,Female,No,0,Graduate,No,NA,1,Urban,8.134760782418645,0,4.477336814478207,1
LP001138,Male,Yes,1,Graduate,No,9,1,Urban,8.639410824140487,0,3.784189633918261,1
LP001144,Male,Yes,0,Graduate,No,9,1,Urban,8.669399124305569,0,4.969813299576001,1
LP001146,Female,Yes,0,Graduate,No,9,0,Urban,7.880804344674901,8.14351740579748,4.787491742782046,0
LP001151,Female,No,0,Graduate,No,9,1,Semiurban,8.294299608857235,7.730174795246222,4.969813299576001,1
LP001155,Female,Yes,0,Not Graduate,No,9,1,Semiurban,7.564757012905729,7.405495663199472,4.605170185988092,1
LP001157,Female,No,0,Graduate,No,9,1,Semiurban,8.034955024502159,0,4.787491742782046,1
LP001164,Female,No,0,Graduate,No,9,1,Semiurban,8.350193650720067,0,4.718498871295094,0
LP001179,Male,Yes,2,Graduate,No,9,1,Urban,8.43750042250699,0,4.897839799950911,0
LP001186,Female,Yes,1,Graduate,Yes,9,0,Urban,9.350189267092581,0,5.655991810819852,0
LP001194,Male,Yes,2,Graduate,No,9,1,Semiurban,7.904334842085095,7.0630481633881725,4.574710978503383,1
LP001195,Male,Yes,0,Graduate,No,9,1,Semiurban,7.665284718471351,7.3727463664043285,4.564348191467836,1
LP001197,Male,Yes,0,Graduate,No,9,1,Rural,8.121777419161074,7.696667081526462,4.90527477843843,0
LP001198,Male,Yes,1,Graduate,No,9,1,Urban,8.997270906233448,7.719129840906732,5.19295685089021,1
LP001199,Male,Yes,2,Not Graduate,No,9,1,Urban,8.119100837637486,7.958576903813898,4.969813299576001,1
LP001205,Male,Yes,0,Graduate,No,9,1,Urban,7.824445930877619,8.241966560231802,4.787491742782046,1
LP001206,Male,Yes,3+,Graduate,No,9,1,Urban,8.016317898503415,0,4.59511985013459,1
LP001207,Male,Yes,0,Not Graduate,Yes,6,0,Rural,7.867105500316739,8.146129510025405,5.10594547390058,0
LP001213,Male,Yes,1,Graduate,No,9,0,Rural,8.506334448081361,0,NA,0
LP001222,Female,No,0,Graduate,No,9,0,Semiurban,8.334951631422454,0,4.7535901911063645,0
LP001225,Male,Yes,0,Graduate,No,9,1,Semiurban,8.652947112393857,8.432941638968646,5.552959584921617,0
LP001228,Male,No,0,Not Graduate,No,6,0,Urban,8.071218539969863,7.720905251936779,4.836281906951478,0
LP001233,Male,Yes,1,Graduate,No,9,1,Urban,9.282754052485227,0,5.7430031878094825,1
LP001238,Male,Yes,3+,Not Graduate,Yes,3,1,Urban,8.867990898182093,0,4.8283137373023015,1
LP001241,Female,No,0,Graduate,No,9,0,Semiurban,8.366602832783736,0,4.912654885736052,0
LP001243,Male,Yes,0,Graduate,No,9,1,Urban,8.073714641109857,8.028455164114252,5.147494476813453,1
LP001245,Male,Yes,2,Not Graduate,Yes,9,1,Semiurban,7.53689712956617,7.53689712956617,4.574710978503383,1
LP001248,Male,No,0,Graduate,No,8,1,Semiurban,8.160803920954665,0,4.394449154672439,1
LP001250,Male,Yes,3+,Not Graduate,No,NA,0,Semiurban,8.467162257810672,0,4.553876891600541,0
LP001253,Male,Yes,3+,Graduate,Yes,9,1,Semiurban,8.569216219483389,7.4815557019095165,5.231108616854587,1
LP001255,Male,No,0,Graduate,No,10,1,Urban,8.229777750081887,0,4.727387818712341,0
LP001256,Male,No,0,Graduate,No,9,1,Urban,8.229777750081887,8.46611040118692,5.170483995038151,0
LP001259,Male,Yes,1,Graduate,Yes,9,1,Urban,6.90875477931522,8.014004994779459,4.700480365792417,0
LP001263,Male,Yes,3+,Graduate,No,8,0,Semiurban,8.060855752934316,8.294299608857235,5.19295685089021,0
LP001264,Male,Yes,3+,Not Graduate,Yes,9,NA,Semiurban,8.111928063310739,7.681099001536359,4.867534450455582,1
LP001265,Female,No,0,Graduate,No,9,1,Semiurban,8.255048902752295,0,4.709530201312334,1
LP001266,Male,Yes,1,Graduate,Yes,9,1,Semiurban,7.78155595923534,0,NA,1
LP001267,Female,Yes,2,Graduate,No,9,1,Urban,7.229113877793302,7.540090320145325,5.117993812416755,0
LP001273,Male,Yes,0,Graduate,No,9,NA,Semiurban,8.699681400989514,7.719129840906732,5.579729825986222,0
LP001275,Male,Yes,1,Graduate,No,7,1,Urban,8.291295851905407,0,3.912023005428146,1
LP001279,Male,No,0,Graduate,No,9,1,Semiurban,7.769378609513984,7.836764783264067,4.912654885736052,1
LP001280,Male,Yes,2,Not Graduate,No,9,NA,Semiurban,8.111928063310739,7.601402334583733,4.59511985013459,1
LP001282,Male,Yes,0,Graduate,No,9,1,Semiurban,7.824445930877619,7.6586995582682995,4.6443908991413725,1
LP001289,Male,No,0,Graduate,No,9,1,Urban,9.055672891964043,0,5.3471075307174685,1
LP001310,Male,Yes,0,Graduate,No,9,1,Semiurban,8.647519453091812,8.335191583433202,5.1647859739235145,1
LP001316,Male,Yes,0,Graduate,No,9,1,Semiurban,7.99260665240021,7.972810784121404,4.875197323201151,1
LP001318,Male,Yes,2,Graduate,No,6,1,Semiurban,8.740496729931813,8.640295388550221,5.236441962829949,1
LP001319,Male,Yes,2,Not Graduate,No,9,1,Urban,8.09376775793108,7.507141079727608,4.394449154672439,1
LP001322,Male,No,0,Graduate,No,9,1,Semiurban,8.327000740241713,0,4.804021044733257,1
LP001325,Male,No,0,Not Graduate,No,5,1,Semiurban,8.19450550976564,0,3.2188758248682006,1
LP001326,Male,No,0,Graduate,NA,9,NA,Urban,8.82217476094608,0,NA,0
LP001327,Female,Yes,0,Graduate,No,9,1,Semiurban,7.818027938530729,7.741967899820685,4.919980925828125,1
LP001333,Male,Yes,0,Graduate,No,9,1,Semiurban,7.589841512182657,6.905753276311464,3.912023005428146,1
LP001334,Male,Yes,0,Not Graduate,No,6,1,Semiurban,8.340217320947035,0,4.74493212836325,1
LP001343,Male,Yes,0,Graduate,No,9,1,Semiurban,7.473069088032197,8.17244681834278,4.875197323201151,1
LP001345,Male,Yes,2,Not Graduate,No,6,1,Urban,8.36380888451688,8.090708716083997,4.890349128221754,1
LP001349,Male,No,0,Graduate,No,9,1,Semiurban,8.485496104672983,8.244596756382498,5.017279836814924,1
LP001350,Male,Yes,NA,Graduate,No,9,1,Urban,9.521568058002977,0,NA,1
LP001356,Male,Yes,0,Graduate,No,9,1,Semiurban,8.445267451844648,8.18423477409482,NA,1
LP001357,Male,NA,NA,Graduate,No,9,1,Urban,8.247220052745229,6.626717749249025,5.075173815233827,1
LP001367,Male,Yes,1,Graduate,No,9,1,Urban,8.023879992734878,6.93828448401696,4.605170185988092,1
LP001369,Male,Yes,2,Graduate,No,9,1,Urban,9.342946336524205,7.027314514039777,5.41610040220442,1
LP001370,Male,No,0,Not Graduate,NA,9,1,Rural,8.900276348631271,0,4.787491742782046,0
LP001379,Male,Yes,2,Graduate,No,9,0,Urban,8.24301946898925,8.188966863648876,5.375278407684165,0
LP001384,Male,Yes,3+,Not Graduate,No,10,1,Semiurban,7.6362696033793735,6.626717749249025,4.543294782270004,1
LP001385,Male,No,0,Graduate,No,9,1,Urban,8.57866451350434,0,4.912654885736052,1
LP001387,Female,Yes,0,Graduate,NA,9,1,Semiurban,7.982757702011113,7.755338812846501,4.9344739331306915,1
LP001391,Male,Yes,0,Not Graduate,No,NA,0,Rural,8.181160858023409,8.32239411311117,5.0238805208462765,0
LP001392,Female,No,1,Graduate,Yes,9,1,Semiurban,8.916237731721479,0,NA,1
LP001398,Male,No,0,Graduate,NA,9,1,Semiurban,8.527341522468053,0,4.770684624465665,1
LP001401,Male,Yes,1,Graduate,No,6,1,Rural,9.5876803163585,0,5.220355825078324,1
LP001404,Female,Yes,0,Graduate,No,9,1,Semiurban,8.060855752934316,7.7336835707759,5.0369526024136295,1
LP001405,Male,Yes,1,Graduate,No,9,NA,Urban,7.703007682479236,7.243512974665482,4.442651256490317,1
LP001421,Male,Yes,0,Graduate,No,9,1,Rural,8.624970783589669,7.669961995473577,5.1647859739235145,0
LP001422,Female,No,0,Graduate,No,9,1,Urban,9.250426095515468,0,5.556828061699537,1
LP001426,Male,Yes,NA,Graduate,No,9,1,Rural,8.64259160081057,7.889084407035514,5.19295685089021,1
LP001430,Female,No,0,Graduate,No,9,1,Semiurban,8.334951631422454,0,3.784189633918261,1
LP001431,Female,No,0,Graduate,No,9,0,Semiurban,7.6676260915849905,9.10286651367095,4.919980925828125,1
LP001432,Male,Yes,2,Graduate,No,9,1,Semiurban,7.992268643270745,0,4.394449154672439,1
LP001439,Male,Yes,0,Not Graduate,No,9,1,Rural,8.366602832783736,7.608374474380783,5.267858159063328,1
LP001443,Female,No,0,Graduate,No,9,NA,Rural,8.214194414852564,0,4.532599493153256,1
LP001448,NA,Yes,3+,Graduate,No,9,1,Rural,10.077608912764743,0,5.91350300563827,1
LP001449,Male,No,0,Graduate,No,9,1,Rural,8.259975659768276,7.403061091090091,NA,1
LP001451,Male,Yes,1,Graduate,Yes,6,0,Urban,9.260462981379394,8.25608813381491,5.075173815233827,0
LP001465,Male,Yes,0,Graduate,No,9,NA,Rural,8.71292443512011,7.851661177889265,5.204006687076795,0
LP001469,Male,No,0,Graduate,Yes,10,NA,Urban,9.911802884139842,0,6.476972362889683,1
LP001473,Male,No,0,Graduate,No,9,1,Urban,7.608374474380783,7.5652752818989315,4.30406509320417,1
LP001478,Male,No,0,Graduate,No,9,1,Semiurban,7.908019444632471,0,4.248495242049359,1
LP001482,Male,Yes,0,Graduate,Yes,5,1,Semiurban,8.14902386805177,0,3.2188758248682006,1
LP001487,Male,No,0,Graduate,No,9,1,Semiurban,8.496173824192162,0,4.624972813284271,1
LP001488,Male,Yes,3+,Graduate,No,9,1,Semiurban,8.294299608857235,8.955577146281511,5.66988092298052,0
LP001489,Female,Yes,0,Graduate,No,9,1,Rural,8.430327258394575,0,4.430816798843313,0
LP001491,Male,Yes,2,Graduate,Yes,9,1,Urban,8.106816038947052,8.160803920954665,4.477336814478207,1
LP001492,Male,No,0,Graduate,No,9,0,Semiurban,9.615805480084347,0,5.488937726156687,0
LP001493,Male,Yes,2,Not Graduate,No,9,1,Rural,8.343077871169383,7.266128779556451,4.859812404361672,0
LP001497,Male,Yes,2,Graduate,No,9,1,Rural,8.525756422076725,7.642044402873258,5.220355825078324,0
LP001498,Male,No,0,Graduate,No,9,1,Urban,8.59748202264504,0,5.123963979403259,1
LP001504,Male,No,0,Graduate,Yes,6,1,Semiurban,8.846640813100485,0,5.1647859739235145,1
LP001507,Male,Yes,0,Graduate,No,9,1,Semiurban,7.900636613018005,7.618251097876695,4.804021044733257,1
LP001508,Male,Yes,2,Graduate,No,6,1,Urban,9.3722891389622,0,5.231108616854587,1
LP001514,Female,Yes,0,Graduate,No,9,1,Semiurban,7.754052639035757,8.408939605975984,4.605170185988092,1
LP001516,Female,Yes,2,Graduate,No,9,1,Urban,9.60689927061335,0,4.248495242049359,1
LP001518,Male,Yes,1,Graduate,No,9,1,Urban,7.338888133838879,7.262628600974241,3.4011973816621555,1
LP001519,Female,No,0,Graduate,No,9,1,Rural,9.210440366976517,7.418780882750794,5.41610040220442,0
LP001520,Male,Yes,0,Graduate,No,9,1,Semiurban,8.488999457045455,6.7226297948554485,4.8283137373023015,1
LP001528,Male,No,0,Graduate,No,9,0,Rural,8.744806737401898,0,4.770684624465665,0
LP001529,Male,Yes,0,Graduate,Yes,9,1,Rural,7.8547691834991324,8.229777750081887,5.0238805208462765,1
LP001531,Male,No,0,Graduate,No,9,1,Urban,9.1233653579617755,0,5.497168225293202,0
LP001532,Male,Yes,2,Not Graduate,No,9,1,Rural,7.732807530422021,0,4.727387818712341,0
LP001535,Male,No,0,Graduate,No,9,1,Urban,8.08794755464267,0,3.912023005428146,1
LP001536,Male,Yes,3+,Graduate,No,6,0,Semiurban,10.596634733096073,0,6.396929655216146,1
LP001541,Male,Yes,1,Graduate,No,9,NA,Rural,8.699681400989514,0,5.075173815233827,1
LP001543,Male,Yes,1,Graduate,No,9,1,Urban,9.163143937145207,0,5.231108616854587,1
LP001546,Male,No,0,Graduate,NA,9,1,Rural,8.000014093678072,7.642044402873258,4.787491742782046,1
LP001552,Male,Yes,0,Graduate,No,9,1,Semiurban,8.430327258394575,8.635153989049803,5.541263545158426,1
LP001560,Male,Yes,0,Not Graduate,No,9,1,Semiurban,7.530479995245536,6.948897222313312,4.584967478670572,1
LP001562,Male,Yes,0,Graduate,No,9,1,Urban,8.978912601074276,0,5.616771097666572,0
LP001565,Male,Yes,1,Graduate,No,9,0,Semiurban,8.035926369891792,7.155396301896734,4.795790545596741,0
LP001570,Male,Yes,2,Graduate,No,9,1,Rural,8.335191583433202,7.277938572945661,5.062595033026967,1
LP001572,Male,Yes,0,Graduate,No,6,1,Urban,9.140347000155648,0,4.31748811353631,1
LP001574,Male,Yes,0,Graduate,No,NA,1,Rural,8.218247926685745,8.06054004653864,5.204006687076795,1
LP001577,Female,Yes,0,Graduate,No,9,1,Rural,8.430327258394575,0,4.718498871295094,0
LP001578,Male,Yes,0,Graduate,No,9,1,Rural,7.799753318287247,8.111928063310739,4.859812404361672,1
LP001579,Male,No,0,Graduate,No,10,0,Semiurban,7.71333788887187,0,4.143134726391533,0
LP001580,Male,Yes,2,Graduate,No,9,1,Semiurban,8.987321812850125,0,5.298317366548036,1
LP001581,Male,Yes,0,Not Graduate,NA,9,1,Rural,7.507141079727608,7.478734825567875,4.553876891600541,1
LP001585,NA,Yes,3+,Graduate,No,8,1,Urban,10.85445020594156,0,6.551080335043404,1
LP001586,Male,Yes,3+,Not Graduate,No,6,1,Rural,8.167068178341237,0,4.394449154672439,0
LP001594,Male,Yes,0,Graduate,No,9,1,Semiurban,8.64979915596426,8.635153989049803,5.231108616854587,1
LP001603,Male,Yes,0,Not Graduate,Yes,9,1,Semiurban,8.376781037699493,6.602587892189336,4.465908118654584,0
LP001606,Male,Yes,0,Graduate,No,9,1,Rural,8.159946655578548,7.583247524303362,4.7535901911063645,1
LP001608,Male,Yes,2,Graduate,No,9,1,Rural,7.6236419465115715,7.3901814282264295,4.61512051684126,1
LP001610,Male,Yes,3+,Graduate,No,9,0,Semiurban,8.61558951327243,9.332646496360152,6.20455776256869,0
LP001616,Male,Yes,1,Graduate,No,9,1,Semiurban,8.229777750081887,0,4.7535901911063645,1
LP001630,Male,No,0,Not Graduate,No,10,0,Urban,7.755338812846501,7.280697195384741,4.624972813284271,0
LP001633,Male,Yes,1,Graduate,No,9,0,Urban,8.764209507142004,8.888894669371593,5.19295685089021,0
LP001634,Male,No,0,Graduate,No,9,NA,Rural,7.558516743045645,8.529911963824013,4.204692619390966,0
LP001636,Male,Yes,0,Graduate,No,6,1,Semiurban,8.434028950155469,0,4.290459441148391,1
LP001637,Male,Yes,1,Graduate,No,9,1,Semiurban,10.429605648120413,0,5.560681631015528,0
LP001639,Female,Yes,0,Graduate,No,9,1,Semiurban,8.195885391314796,0,4.68213122712422,1
LP001640,Male,Yes,0,Graduate,Yes,9,1,Semiurban,10.57510461454571,8.46611040118692,4.787491742782046,1
LP001641,Male,Yes,1,Graduate,Yes,8,0,Rural,7.68662133494462,0,4.189654742026425,0
LP001643,Male,Yes,0,Graduate,No,9,NA,Rural,7.776535028185241,7.668093709082406,4.060443010546419,1
LP001644,NA,Yes,0,Graduate,Yes,9,1,Rural,6.51471269087253,8.574895901544526,5.123963979403259,1
LP001647,Male,Yes,0,Graduate,No,6,1,Rural,9.140883106960962,0,5.236441962829949,1
LP001653,Male,No,0,Not Graduate,No,9,1,Rural,8.494129251817686,0,3.871201010907891,1
LP001656,Male,No,0,Graduate,No,9,1,Semiurban,9.392745258631441,0,5.099866427824199,0
LP001657,Male,Yes,0,Not Graduate,No,9,1,Urban,8.705165419719007,0,5.075173815233827,0
LP001658,Male,No,0,Graduate,No,9,1,Semiurban,8.258163361537619,0,4.330733340286331,1
LP001664,Male,No,0,Graduate,No,9,1,Rural,8.340933226000878,0,4.787491742782046,1
LP001665,Male,Yes,1,Graduate,No,9,1,Semiurban,8.047509510981422,7.857093864902493,5.135798437050262,0
LP001666,Male,No,0,Graduate,No,9,1,Rural,9.0280988119824,8.229777750081887,5.231108616854587,1
LP001669,Female,No,0,Not Graduate,No,NA,1,Urban,7.553810852008231,7.768956044538332,4.787491742782046,1
LP001671,Female,Yes,0,Graduate,No,9,NA,Semiurban,8.136518252115291,7.943427767876373,4.727387818712341,1
LP001673,Male,No,0,Graduate,Yes,9,1,Urban,9.305741456739435,0,4.418840607796598,0
LP001674,Male,Yes,1,Not Graduate,No,9,1,Semiurban,7.8636512654486515,7.824445930877619,4.499809670330265,1
LP001677,Male,No,2,Graduate,No,9,0,Semiurban,8.501876487304344,0,5.111987788356544,1
LP001682,Male,Yes,3+,Not Graduate,No,6,1,Urban,8.292298107063221,0,NA,0
LP001688,Male,Yes,1,Not Graduate,No,9,1,Urban,8.160803920954665,6.988413181999592,4.90527477843843,1
LP001691,Male,Yes,2,Not Graduate,No,9,1,Semiurban,8.273336598504486,0,4.820281565605037,1
LP001692,Female,No,0,Not Graduate,No,9,1,Semiurban,8.391403185357937,0,4.787491742782046,1
LP001693,Female,No,0,Graduate,No,9,1,Urban,8.08487062913819,0,4.382026634673881,1
LP001698,Male,No,0,Not Graduate,No,9,1,Rural,8.288031567776464,7.836764783264067,4.007333185232471,1
LP001699,Male,No,0,Graduate,No,9,1,Urban,7.8160138391590275,0,4.07753744390572,1
LP001702,Male,No,0,Graduate,No,9,1,Semiurban,8.137103389639302,0,4.844187086458591,0
LP001708,Female,No,0,Graduate,No,9,1,Semiurban,9.210440366976517,0,5.365976015021851,0
LP001711,Male,Yes,3+,Graduate,No,9,0,Semiurban,8.14060704285845,7.1316985104669115,4.852030263919617,0
LP001713,Male,Yes,1,Graduate,Yes,9,1,Urban,8.960339366492091,0,5.480638923341991,1
LP001715,Male,Yes,3+,Not Graduate,Yes,9,1,Rural,8.648922962094131,0,4.867534450455582,1
LP001716,Male,Yes,0,Graduate,No,9,1,Urban,8.062747901086354,8.013674142832684,4.919980925828125,1
LP001720,Male,Yes,3+,Not Graduate,No,9,1,Semiurban,8.25608813381491,6.891625897052253,4.605170185988092,1
LP001722,Male,Yes,0,Graduate,No,9,1,Rural,5.017279836814924,7.496097345175956,4.90527477843843,0
LP001726,Male,Yes,0,Graduate,No,9,1,Semiurban,8.223627175805483,7.4821189235521155,4.875197323201151,1
LP001732,Male,Yes,2,Graduate,NA,9,0,Semiurban,8.517393171418904,0,4.276666119016055,0
LP001734,Female,Yes,2,Graduate,No,9,NA,Semiurban,8.36264243156764,7.776535028185241,4.844187086458591,1
LP001736,Male,Yes,0,Graduate,No,9,0,Urban,7.706162970199576,0,4.0943445622221,0
LP001743,Male,Yes,2,Graduate,No,9,1,Semiurban,8.296546520300614,7.4489161025442,4.7535901911063645,1
LP001744,Male,No,0,Graduate,No,9,1,Semiurban,7.99699040583765,7.934513463882263,4.969813299576001,1
LP001749,Male,Yes,0,Graduate,No,NA,1,Semiurban,8.93313654381203,6.918695219020472,5.1647859739235145,1
LP001750,Male,Yes,0,Graduate,No,9,1,Semiurban,8.740496729931813,0,4.852030263919617,1
LP001751,Male,Yes,0,Graduate,No,9,1,Rural,8.086717920303906,0,5.135798437050262,0
LP001754,Male,Yes,NA,Not Graduate,Yes,9,1,Urban,8.462948176563842,0,4.927253685157205,0
LP001758,Male,Yes,2,Graduate,No,9,1,Semiurban,8.740496729931813,7.4360278163518485,5.3471075307174685,1
LP001760,Male,NA,NA,Graduate,No,10,1,Semiurban,8.46779284112111,0,5.062595033026967,1
LP001761,Male,No,0,Graduate,Yes,9,1,Rural,8.764209507142004,0,5.298317366548036,1
LP001765,Male,Yes,1,Graduate,No,9,1,Semiurban,7.820840879907344,7.628031126930335,4.6443908991413725,1
LP001768,Male,Yes,0,Graduate,NA,6,1,Rural,8.220672170297252,0,3.7376696182833684,1
LP001770,Male,No,0,Not Graduate,No,NA,1,Rural,8.06777619577889,7.8628820346414905,4.787491742782046,1
LP001776,Female,No,0,Graduate,No,9,1,Semiurban,9.0280988119824,0,5.634789603169249,1
LP001778,Male,Yes,1,Graduate,No,9,1,Semiurban,8.057060681965766,7.484368643286131,4.941642422609304,1
LP001784,Male,Yes,1,Graduate,No,9,1,Rural,8.612685172875459,7.13966033596492,5.135798437050262,1
LP001786,Male,Yes,0,Graduate,NA,9,NA,Urban,8.656433258507741,0,5.541263545158426,0
LP001788,Female,No,0,Graduate,Yes,9,NA,Urban,8.150179269682326,0,4.804021044733257,1
LP001790,Female,No,1,Graduate,No,9,1,Rural,8.246171559857563,0,4.718498871295094,1
LP001792,Male,Yes,1,Graduate,No,9,1,Semiurban,8.106514516255185,0,4.564348191467836,1
LP001798,Male,Yes,2,Graduate,No,9,1,Rural,8.669055540725484,8.517393171418904,4.787491742782046,1
LP001800,Male,Yes,1,Not Graduate,No,6,1,Urban,7.828436359157585,7.592870287844818,4.941642422609304,0
LP001806,Male,No,0,Graduate,No,3,1,Urban,7.994969522697877,8.648572269472618,5.043425116919247,1
LP001807,Male,Yes,2,Graduate,Yes,9,1,Rural,8.740496729931813,7.170888478512505,4.68213122712422,1
LP001811,Male,Yes,0,Not Graduate,No,9,1,Semiurban,8.133587417660966,8.393442383980062,4.812184355372417,1
LP001813,Male,No,0,Graduate,Yes,6,1,Urban,8.707978826622321,8.374246182096304,4.787491742782046,0
LP001814,Male,Yes,2,Graduate,No,9,1,Urban,9.180293450623886,0,4.718498871295094,1
LP001819,Male,Yes,1,Not Graduate,No,6,1,Urban,8.796187635470453,0,4.919980925828125,1
LP001824,Male,Yes,1,Graduate,No,10,1,Semiurban,7.9665866976384025,7.519692404116539,4.812184355372417,1
LP001825,Male,Yes,0,Graduate,No,9,1,Urban,7.501082124259871,7.533158807455563,4.499809670330265,1
LP001835,Male,Yes,0,Not Graduate,No,9,0,Semiurban,7.419979923661835,8.266421472984554,5.303304908059076,0
LP001836,Female,No,2,Graduate,No,9,1,Urban,8.13973227971767,0,4.927253685157205,0
LP001841,Male,No,0,Not Graduate,Yes,9,1,Rural,7.857093864902493,7.681560362559537,4.6443908991413725,1
LP001843,Male,Yes,1,Not Graduate,No,6,1,Semiurban,7.8868329989550565,8.868131713503033,5.631211781821365,1
LP001844,Male,No,0,Graduate,Yes,9,0,Urban,9.69590972432601,0,5.2574953720277815,0
LP001846,Female,No,3+,Graduate,No,9,1,Rural,8.03398273468322,0,5.541263545158426,1
LP001849,Male,No,0,Not Graduate,No,9,0,Rural,8.707152175339404,0,4.74493212836325,0
LP001854,Male,Yes,3+,Graduate,No,9,1,Urban,8.566173813637858,0,4.543294782270004,0
LP001859,Male,Yes,0,Graduate,No,9,1,Rural,9.594513744616725,7.650168700845001,5.717027701406222,0
LP001864,Male,Yes,3+,Not Graduate,No,9,NA,Semiurban,8.503499864284235,0,4.852030263919617,0
LP001865,Male,Yes,1,Graduate,No,9,NA,Urban,8.713417653379183,8.35490952835879,5.799092654460526,1
LP001868,Male,No,0,Graduate,No,9,1,Semiurban,7.630946580890459,7.700747794511798,4.897839799950911,1
LP001870,Female,No,1,Graduate,No,2,1,Semiurban,8.155362120328135,0,5.043425116919247,0
LP001871,Female,No,0,Graduate,No,9,1,Rural,8.881975184248867,0,4.787491742782046,1
LP001872,Male,No,0,Graduate,Yes,9,1,Semiurban,8.550047528287184,0,4.852030263919617,1
LP001875,Male,No,0,Graduate,No,9,1,Rural,8.317766166719343,8.145549631783584,5.017279836814924,1
LP001877,Male,Yes,2,Graduate,No,9,1,Semiurban,8.457230850243555,7.23561914106675,5.0106352940962555,1
LP001882,Male,Yes,3+,Graduate,No,9,0,Urban,8.374246182096304,7.502186486602924,5.075173815233827,1
LP001883,Female,No,0,Graduate,NA,9,1,Rural,8.137103389639302,0,4.90527477843843,0
LP001884,Female,No,1,Graduate,No,9,1,Urban,7.964503363551548,7.353081920515432,4.499809670330265,1
LP001888,Female,No,0,Graduate,No,9,1,Urban,8.08271113423758,0,3.4011973816621555,1
LP001891,Male,Yes,0,Graduate,No,9,1,Urban,9.318925682389624,0,4.912654885736052,1
LP001892,Male,No,0,Graduate,No,9,1,Rural,7.949444420250626,7.527255919373784,4.836281906951478,1
LP001894,Male,Yes,0,Graduate,No,9,1,Semiurban,7.8713112033234065,7.707062655370473,5.0106352940962555,1
LP001896,Male,Yes,2,Graduate,No,9,1,Semiurban,8.268988209506656,0,4.499809670330265,1
LP001900,Male,Yes,1,Graduate,No,9,1,Semiurban,7.919719760924575,7.519149957669823,4.74493212836325,1
LP001903,Male,Yes,0,Graduate,No,9,1,Semiurban,8.29254851397576,8.094073148069352,5.332718793265369,1
LP001904,Male,Yes,0,Graduate,No,9,1,Urban,8.04044688130311,7.170888478512505,4.382026634673881,1
LP001907,Male,Yes,0,Graduate,No,9,1,Semiurban,9.5876803163585,0,6.077642243349034,1
LP001908,Female,Yes,0,Not Graduate,No,9,NA,Rural,8.31898612539206,0,4.820281565605037,1
LP001910,Male,No,1,Not Graduate,Yes,9,0,Urban,8.307459327011946,7.794411205726601,5.062595033026967,0
LP001914,Male,Yes,0,Graduate,No,9,1,Semiurban,8.275885669474356,6.68586094706836,4.718498871295094,1
LP001915,Male,Yes,2,Graduate,No,6,1,Urban,7.741533589281828,6.894467372292008,4.356708826689592,1
LP001917,Female,No,0,Graduate,No,9,1,Urban,7.502186486602924,7.418780882750794,3.9889840465642745,1
LP001922,Male,Yes,0,Graduate,No,9,1,Rural,9.936341889407075,0,NA,0
LP001924,Male,No,0,Graduate,No,9,1,Rural,8.058010800802085,8.024207485778577,4.48863636973214,1
LP001925,Female,No,0,Graduate,Yes,8,1,Semiurban,7.8636512654486515,7.4489161025442,4.59511985013459,0
LP001926,Male,Yes,0,Graduate,No,9,1,Rural,8.217438537730187,7.601402334583733,4.787491742782046,1
LP001931,Female,No,0,Graduate,No,9,1,Semiurban,8.324821298768782,0,4.74493212836325,1
LP001935,Male,No,0,Graduate,No,9,1,Rural,9.159993997539445,0,5.231108616854587,1
LP001936,Male,Yes,0,Graduate,No,9,1,Rural,8.031385330625534,7.790282380703483,4.9344739331306915,1
LP001938,Male,Yes,2,Graduate,No,9,0,Semiurban,8.38958706681109,0,4.844187086458591,0
LP001940,Male,Yes,2,Graduate,No,9,1,Urban,8.056426767522984,7.353081920515432,4.897839799950911,1
LP001945,Female,No,NA,Graduate,No,10,0,Urban,8.59748202264504,0,4.962844630259907,0
LP001947,Male,Yes,0,Graduate,No,9,1,Semiurban,7.776535028185241,8.112227958349724,5.147494476813453,1
LP001949,Male,Yes,3+,Graduate,NA,9,1,Urban,8.393216011596527,7.1316985104669115,4.700480365792417,1
LP001953,Male,Yes,1,Graduate,No,9,1,Semiurban,8.83579236650274,0,5.298317366548036,1
LP001954,Female,Yes,1,Graduate,No,9,1,Urban,8.448271745949816,0,4.90527477843843,1
LP001955,Female,No,0,Graduate,No,10,1,Rural,8.517393171418904,7.8407064517494,5.017279836814924,0
LP001963,Male,Yes,1,Graduate,No,9,1,Urban,7.608374474380783,7.98139158158007,4.727387818712341,0
LP001964,Male,Yes,0,Not Graduate,No,9,0,Urban,7.496097345175956,7.984462732262196,4.532599493153256,0
LP001972,Male,Yes,NA,Not Graduate,No,9,1,Semiurban,7.964155718840937,7.467942332285852,4.653960350157523,1
LP001974,Female,No,0,Graduate,No,9,1,Rural,8.517393171418904,0,4.882801922586371,1
LP001977,Male,Yes,1,Graduate,No,9,1,Urban,7.3938782901077555,7.4977617006225685,4.564348191467836,1
LP001978,Male,No,0,Graduate,No,9,1,Rural,8.294299608857235,7.824445930877619,4.941642422609304,1
LP001990,Male,No,0,Not Graduate,No,9,1,Urban,7.601402334583733,0,NA,0
LP001993,Female,No,0,Graduate,No,9,1,Rural,8.232971790593437,7.418780882750794,4.90527477843843,1
LP001994,Female,No,0,Graduate,No,9,0,Urban,7.783640596221253,7.530479995245536,4.6443908991413725,0
LP001996,Male,No,0,Graduate,No,9,1,Rural,9.915119636765835,0,6.173786103901937,0
LP001998,Male,Yes,2,Not Graduate,No,9,NA,Rural,8.944811104165534,0,5.220355825078324,1
LP002002,Female,No,0,Graduate,No,9,1,Semiurban,7.978653729082731,0,4.430816798843313,1
LP002004,Male,No,0,Not Graduate,No,9,1,Semiurban,7.982074875081202,7.785720896534624,4.709530201312334,1
LP002006,Female,No,0,Graduate,No,9,1,Rural,7.827240901752812,0,4.02535169073515,1
LP002008,Male,Yes,2,Graduate,Yes,4,NA,Rural,8.656433258507741,0,4.969813299576001,1
LP002024,NA,Yes,0,Graduate,No,9,1,Rural,7.813591552952433,7.519692404116539,5.0689042022202315,0
LP002031,Male,Yes,1,Not Graduate,No,6,1,Urban,8.131530710604252,7.403061091090091,4.709530201312334,1
LP002035,Male,Yes,2,Graduate,No,9,1,Semiurban,8.220941168281389,0,4.787491742782046,1
LP002036,Male,Yes,0,Graduate,No,9,NA,Urban,7.629975707027789,7.666221925662725,4.477336814478207,1
LP002043,Female,No,1,Graduate,No,9,NA,Semiurban,8.17244681834278,0,4.718498871295094,1
LP002050,Male,Yes,1,Graduate,Yes,9,1,Rural,9.210440366976517,0,5.043425116919247,0
LP002051,Male,Yes,0,Graduate,No,9,1,Semiurban,7.783640596221253,7.681560362559537,4.74493212836325,1
LP002053,Male,Yes,3+,Graduate,No,9,1,Semiurban,8.376320632534823,5.247024072160486,4.820281565605037,1
LP002054,Male,Yes,2,Not Graduate,No,9,1,Rural,8.189244525735901,7.372118028337787,NA,1
LP002055,Female,No,0,Graduate,No,9,NA,Rural,8.06054004653864,8.001689978099135,4.882801922586371,1
LP002065,Male,Yes,3+,Graduate,No,9,1,Rural,9.61587214452889,0,5.703782474656201,1
LP002067,Male,Yes,1,Graduate,Yes,9,0,Rural,9.067277989134345,8.51398806046729,5.929589143389895,0
LP002068,Male,No,0,Graduate,No,9,0,Rural,8.500657222776137,0,4.867534450455582,1
LP002082,Male,Yes,0,Graduate,Yes,9,1,Semiurban,8.66888370465667,7.6783263565068856,5.214935757608986,1
LP002086,Female,Yes,0,Graduate,No,9,1,Urban,8.374246182096304,7.804659297056102,4.700480365792417,0
LP002087,Female,No,0,Graduate,No,9,1,Urban,7.824445930877619,0,4.204692619390966,1
LP002097,Male,No,1,Graduate,No,9,1,Urban,8.385944904806284,7.492203042618741,4.762173934797756,1
LP002098,Male,No,0,Graduate,No,9,1,Semiurban,7.984803389734406,0,4.584967478670572,1
LP002100,Male,No,NA,Graduate,No,9,1,Urban,7.949444420250626,0,4.2626798770413155,1
LP002101,Male,Yes,0,Graduate,NA,6,1,Urban,11.056240743970491,0,6.194405391104672,1
LP002103,NA,Yes,1,Graduate,Yes,6,1,Urban,9.193601047971885,7.51425465281641,5.204006687076795,1
LP002106,Male,Yes,NA,Graduate,Yes,NA,1,Semiurban,8.61323037961318,8.409830673087738,4.248495242049359,1
LP002110,Male,Yes,1,Graduate,NA,9,1,Rural,8.566173813637858,6.535241271013659,5.075173815233827,1
LP002112,Male,Yes,2,Graduate,Yes,9,1,Rural,7.824445930877619,8.434028950155469,5.170483995038151,1
LP002113,Female,No,3+,Not Graduate,No,9,0,Urban,7.5126175446745105,0,NA,0
LP002114,Female,No,0,Graduate,No,9,1,Semiurban,8.333510708982942,0,4.2626798770413155,1
LP002115,Male,Yes,3+,Not Graduate,No,9,1,Rural,7.881559917056899,7.370230641807081,5.153291594497779,0
LP002116,Female,No,0,Graduate,No,9,1,Rural,7.774435510302958,0,3.828641396489095,0
LP002119,Male,Yes,1,Not Graduate,No,9,1,Urban,8.423980809694058,7.114769448366463,5.062595033026967,1
LP002126,Male,Yes,3+,Not Graduate,No,9,1,Semiurban,8.062747901086354,0,4.30406509320417,1
LP002128,Male,Yes,2,Graduate,NA,9,1,Rural,7.857093864902493,7.754052639035757,4.8283137373023015,1
LP002129,Male,Yes,0,Graduate,No,9,1,Semiurban,7.824046010856292,7.807510042216193,5.075173815233827,1
LP002130,Male,Yes,NA,Not Graduate,No,9,0,Rural,8.16735198705607,8.080546965824498,5.0238805208462765,0
LP002131,Male,Yes,2,Not Graduate,No,9,1,Urban,8.03398273468322,7.682021510826875,4.836281906951478,1
LP002137,Male,Yes,0,Graduate,No,9,NA,Semiurban,8.753687227098585,8.430327258394575,5.556828061699537,1
LP002138,Male,Yes,0,Graduate,No,9,1,Rural,7.873217054862741,8.740496729931813,5.231108616854587,1
LP002139,Male,Yes,0,Graduate,No,9,1,Semiurban,9.114269903225448,0,5.429345628954441,1
LP002140,Male,No,0,Graduate,No,9,1,Rural,9.076923258535832,8.335191583433202,5.730099782973574,0
LP002141,Male,Yes,3+,Graduate,No,9,1,Rural,7.888709524182015,7.642044402873258,4.553876891600541,1
LP002142,Female,Yes,0,Graduate,Yes,9,0,Rural,8.612685172875459,0,4.653960350157523,0
LP002143,Female,Yes,0,Graduate,No,9,1,Semiurban,7.793174347189205,6.226536669287466,4.867534450455582,1
LP002144,Female,No,NA,Graduate,No,6,1,Urban,8.246433786160365,0,4.7535901911063645,1
LP002149,Male,Yes,2,Graduate,No,9,1,Rural,9.0280988119824,8.060855752934316,5.10594547390058,1
LP002151,Male,Yes,1,Graduate,No,9,1,Urban,8.262558973010657,0,4.204692619390966,0
LP002158,Male,Yes,0,Not Graduate,No,10,0,Urban,8.006700845440367,7.418780882750794,4.605170185988092,0
LP002160,Male,Yes,3+,Graduate,No,9,1,Semiurban,8.550241045462437,8.060855752934316,5.298317366548036,1
LP002161,Female,No,1,Graduate,No,9,1,Semiurban,8.460411177317253,0,4.394449154672439,0
LP002170,Male,Yes,2,Graduate,No,9,1,Semiurban,8.517393171418904,8.207401833376355,5.4638318050256105,1
LP002175,Male,Yes,0,Graduate,No,9,1,Urban,8.46611040118692,7.755338812846501,4.867534450455582,1
LP002178,Male,Yes,0,Graduate,No,8,NA,Urban,8.01102337918644,8.017637159908478,4.553876891600541,1
LP002180,Male,No,0,Graduate,Yes,9,1,Rural,8.828054536815424,0,4.948759890378168,1
LP002181,Male,No,0,Not Graduate,No,9,1,Rural,8.735042754269337,0,4.890349128221754,0
LP002187,Male,No,0,Graduate,No,10,1,Semiurban,7.824445930877619,0,4.564348191467836,0
LP002188,Male,No,0,Graduate,No,NA,0,Rural,8.54188580400661,0,4.820281565605037,0
LP002190,Male,Yes,1,Graduate,No,9,1,Semiurban,8.752423403865594,0,5.1647859739235145,1
LP002191,Male,Yes,0,Graduate,No,9,1,Rural,9.889946281969461,8.569216219483389,6.345636360828596,0
LP002194,Female,No,0,Graduate,Yes,9,1,Semiurban,9.66523036341187,0,4.007333185232471,1
LP002197,Male,Yes,2,Graduate,No,9,1,Semiurban,8.55371796609861,0,5.043425116919247,1
LP002201,Male,Yes,2,Graduate,Yes,8,1,Rural,9.140347000155648,8.971321471503682,5.940171252720432,1
LP002205,Male,No,1,Graduate,No,6,0,Urban,8.027150106832774,7.59488438721652,4.709530201312334,0
LP002209,Female,No,0,Graduate,NA,9,1,Urban,7.9247959139564355,7.286191714702382,4.700480365792417,1
LP002211,Male,Yes,0,Graduate,No,6,1,Urban,8.480114183174816,6.828712071641684,4.787491742782046,1
LP002219,Male,Yes,3+,Graduate,No,9,1,Rural,9.076923258535832,8.516593011344206,4.867534450455582,1
LP002223,Male,Yes,0,Graduate,No,9,NA,Semiurban,8.368925174747135,0,4.867534450455582,1
LP002224,Male,No,0,Graduate,No,10,1,Urban,8.029432840581244,0,4.2626798770413155,0
LP002225,Male,Yes,2,Graduate,No,9,1,Urban,8.592671652592143,0,4.867534450455582,1
LP002226,Male,Yes,0,Graduate,NA,9,1,Semiurban,8.111928063310739,7.824445930877619,4.852030263919617,1
LP002229,Male,No,0,Graduate,No,9,1,Semiurban,8.689801056022553,8.350666240520924,5.69035945432406,1
LP002231,Female,No,0,Graduate,No,9,1,Urban,8.699681400989514,0,5.049856007249537,1
LP002234,Male,No,0,Graduate,Yes,9,1,Urban,8.877381954654766,0,4.852030263919617,1
LP002236,Male,Yes,2,Graduate,No,9,1,Urban,8.426611813185,0,4.605170185988092,0
LP002237,Male,No,1,Graduate,NA,6,1,Urban,8.207401833376355,0,4.727387818712341,1
LP002239,Male,No,0,Not Graduate,No,9,1,Semiurban,7.760893195851024,7.3783837129967145,4.882801922586371,1
LP002243,Male,Yes,0,Not Graduate,No,9,0,Urban,8.010027528481734,8.051022208190679,NA,0
LP002244,Male,Yes,0,Graduate,No,9,1,Urban,7.755338812846501,7.790696031174738,4.912654885736052,1
LP002250,Male,Yes,0,Graduate,No,9,1,Rural,8.610501368549889,0,4.8283137373023015,1
LP002255,Male,No,3+,Graduate,No,9,1,Rural,9.12347443895452,0,5.220355825078324,1
LP002262,Male,Yes,3+,Graduate,No,9,1,Rural,9.15957325492253,0,5.616771097666572,1
LP002263,Male,Yes,0,Graduate,No,9,NA,Urban,7.857093864902493,7.65728279297819,4.787491742782046,1
LP002265,Male,Yes,2,Not Graduate,No,6,1,Semiurban,7.597897950521784,7.3938782901077555,4.727387818712341,1
LP002266,Male,Yes,2,Graduate,No,9,1,Urban,8.03947991910045,7.244941546337007,4.727387818712341,1
LP002272,Male,Yes,2,Graduate,No,9,NA,Semiurban,8.094683648698815,6.184148890937483,4.90527477843843,1
LP002277,Female,No,0,Graduate,No,9,0,Urban,8.064950891749143,0,4.2626798770413155,0
LP002281,Male,Yes,0,Graduate,No,9,1,Urban,8.017637159908478,7.286191714702382,4.553876891600541,1
LP002284,Male,No,0,Not Graduate,No,9,1,Rural,8.269500767180615,7.418780882750794,4.6913478822291435,1
LP002287,Female,No,0,Graduate,No,9,0,Semiurban,7.313886831633462,7.496097345175956,4.634728988229636,0
LP002288,Male,Yes,2,Not Graduate,No,6,0,Urban,7.969011781106478,0,3.8066624897703196,0
LP002296,Male,No,0,Not Graduate,No,8,1,Rural,7.9215356321335495,0,4.174387269895637,0
LP002297,Male,No,0,Graduate,No,9,1,Semiurban,7.824445930877619,9.90353755128617,4.634728988229636,1
LP002300,Female,No,0,Not Graduate,No,9,1,Semiurban,7.582738488914411,0,3.970291913552122,1
LP002301,Female,No,0,Graduate,Yes,9,1,Rural,8.914894908906568,0,5.267858159063328,0
LP002305,Female,No,0,Graduate,No,9,1,Semiurban,8.422442854870427,0,4.74493212836325,1
LP002308,Male,Yes,0,Not Graduate,No,9,1,Urban,7.681560362559537,7.783640596221253,4.74493212836325,1
LP002314,Female,No,0,Not Graduate,No,9,1,Rural,7.7025561132685825,0,4.189654742026425,1
LP002315,Male,Yes,1,Graduate,No,8,0,Semiurban,9.024131268455035,0,5.0238805208462765,0
LP002317,Male,Yes,3+,Graduate,No,9,0,Rural,11.302216779257382,0,5.886104031450156,0
LP002318,Female,No,1,Not Graduate,Yes,9,1,Semiurban,8.260492856573185,0,4.127134385045092,0
LP002319,Male,Yes,0,Graduate,NA,9,NA,Urban,8.741456115998364,0,5.075173815233827,1
LP002328,Male,Yes,0,Not Graduate,No,9,0,Rural,8.715552125907816,0,5.384495062789089,0
LP002332,Male,Yes,0,Not Graduate,No,9,1,Rural,7.720461694599722,7.617759576608505,4.700480365792417,1
LP002335,Female,Yes,0,Not Graduate,No,9,0,Semiurban,7.673223121121708,8.08271113423758,5.181783550292085,0
LP002337,Female,No,0,Graduate,No,9,1,Urban,8.005033344637111,0,4.0943445622221,1
LP002341,Female,No,1,Graduate,No,9,1,Urban,7.8636512654486515,0,5.075173815233827,0
LP002342,Male,Yes,2,Graduate,Yes,9,1,Urban,7.3783837129967145,9.90353755128617,5.476463551931511,0
LP002345,Male,Yes,0,Graduate,No,9,1,Rural,6.933423025730715,7.928045600874777,4.718498871295094,1
LP002347,Male,Yes,0,Graduate,No,9,1,Semiurban,8.085486772102845,7.257002707092073,4.927253685157205,1
LP002348,Male,Yes,0,Graduate,No,9,1,Rural,8.670772279344538,0,4.927253685157205,1
LP002357,Female,No,0,Not Graduate,No,NA,0,Urban,7.908754738783246,0,4.382026634673881,0
LP002361,Male,Yes,0,Graduate,No,9,1,Urban,7.507141079727608,7.450079569807499,4.605170185988092,1
LP002362,Male,Yes,1,Graduate,No,NA,0,Urban,8.888894669371593,7.419380582918692,4.700480365792417,0
LP002364,Male,Yes,0,Graduate,No,9,1,Semiurban,9.60784051043005,0,4.564348191467836,1
LP002366,Male,Yes,0,Graduate,No,9,1,Rural,7.888709524182015,8.366602832783736,4.795790545596741,1
LP002367,Female,No,1,Not Graduate,No,9,1,Rural,8.435332164935916,0,4.394449154672439,0
LP002368,Male,Yes,2,Graduate,No,9,1,Semiurban,8.688790784847216,0,4.890349128221754,1
LP002369,Male,Yes,0,Graduate,No,9,1,Rural,7.979681302387741,2.8402474197790153,4.465908118654584,1
LP002370,Male,No,0,Not Graduate,No,6,1,Urban,7.907651594711089,0,4.0943445622221,1
LP002377,Female,No,1,Graduate,Yes,9,1,Semiurban,9.062420241899561,0,5.0106352940962555,1
LP002379,Male,No,0,Graduate,No,9,0,Rural,8.77971129020447,0,4.653960350157523,0
LP002386,Male,No,0,Graduate,NA,9,1,Semiurban,9.463198053273784,0,6.003887067106539,1
LP002387,Male,Yes,0,Graduate,No,9,1,Semiurban,7.793999089503996,7.75833346749091,4.962844630259907,1
LP002390,Male,No,0,Graduate,No,9,1,Urban,8.229777750081887,0,4.605170185988092,1
LP002393,Female,NA,NA,Graduate,No,7,1,Semiurban,9.21512888870798,0,NA,1
LP002398,Male,No,0,Graduate,No,9,1,Semiurban,7.563719668414366,7.524021415206125,3.912023005428146,1
LP002401,Male,Yes,0,Graduate,No,9,1,Urban,7.7025561132685825,7.026426808699636,NA,1
LP002403,Male,No,0,Graduate,Yes,9,0,Urban,9.251194365984448,0,5.231108616854587,0
LP002407,Female,Yes,0,Not Graduate,Yes,9,1,Rural,8.873888135154973,0,4.927253685157205,1
LP002408,Male,No,0,Graduate,No,9,1,Semiurban,8.205491613120236,8.530109416682784,5.231108616854587,1
LP002409,Male,Yes,0,Graduate,No,9,1,Rural,8.974871170971337,7.51425465281641,5.19295685089021,1
LP002418,Male,No,3+,Not Graduate,No,9,1,Semiurban,8.457018468380168,7.597897950521784,4.997212273764115,1
LP002422,Male,No,1,Graduate,No,9,1,Semiurban,10.537945736747394,0,5.0238805208462765,1
LP002424,Male,Yes,0,Graduate,No,8,NA,Rural,8.900276348631271,9.0280988119824,5.1647859739235145,1
LP002429,Male,Yes,1,Graduate,Yes,9,1,Rural,8.151044945685024,7.099201743553092,4.867534450455582,1
LP002434,Male,Yes,2,Not Graduate,No,9,1,Rural,8.445267451844648,0,4.700480365792417,1
LP002435,Male,Yes,0,Graduate,NA,9,1,Rural,8.17188200612782,7.227662498728654,4.007333185232471,0
LP002443,Male,Yes,2,Graduate,No,9,0,Rural,8.114025442356757,7.444833273892193,5.0106352940962555,0
LP002444,Male,No,1,Not Graduate,Yes,9,NA,Semiurban,7.926602599181384,7.341483852363161,5.247024072160486,0
LP002446,Male,Yes,2,Not Graduate,No,9,0,Rural,7.745002803515839,7.135687347028144,4.8283137373023015,0
LP002447,Male,Yes,2,Not Graduate,No,8,NA,Urban,7.580189417944541,7.284134806195205,4.0943445622221,1
LP002448,Male,Yes,0,Graduate,No,9,0,Rural,8.28121766128665,7.458186157340487,5.003946305945459,0
LP002449,Male,Yes,0,Graduate,No,6,0,Rural,7.81762544305337,7.810758116529357,4.499809670330265,1
LP002453,Male,No,0,Graduate,Yes,9,1,Semiurban,8.865876285425417,0,4.430816798843313,1
LP002455,Male,Yes,2,Graduate,No,9,1,Semiurban,8.258422462458876,0,4.564348191467836,1
LP002459,Male,Yes,0,Graduate,No,9,1,Urban,8.366835309827675,0,4.770684624465665,1
LP002467,Male,Yes,0,Graduate,No,9,1,Urban,8.21851757748959,7.851661177889265,5.153291594497779,0
LP002472,Male,No,2,Graduate,No,9,1,Rural,8.379079889286603,0,4.912654885736052,1
LP002473,Male,Yes,0,Graduate,No,9,1,Semiurban,9.028218795184895,0,5.075173815233827,0
LP002478,NA,Yes,0,Graduate,Yes,9,NA,Semiurban,7.642044402873258,8.314832179284556,5.075173815233827,1
LP002484,Male,Yes,3+,Graduate,No,6,1,Urban,8.954286157204713,0,4.852030263919617,1
LP002487,Male,Yes,0,Graduate,No,9,1,Rural,8.011686729127847,7.691200097522863,5.030437921392435,1
LP002489,Female,No,1,Not Graduate,NA,9,1,Semiurban,8.554874258383926,0,4.882801922586371,1
LP002493,Male,No,0,Graduate,No,9,0,Semiurban,8.334951631422454,0,4.584967478670572,0
LP002494,Male,No,0,Graduate,No,9,1,Rural,8.699681400989514,0,4.941642422609304,1
LP002500,Male,Yes,3+,Not Graduate,No,6,0,Urban,7.988882253309227,7.417580402414544,4.248495242049359,0
LP002501,NA,Yes,0,Graduate,No,9,1,Semiurban,9.722744748855389,0,4.700480365792417,1
LP002502,Female,Yes,2,Not Graduate,NA,9,1,Semiurban,5.351858133476067,7.978653729082731,4.584967478670572,1
LP002505,Male,Yes,0,Graduate,No,9,1,Urban,8.374246182096304,7.804659297056102,4.700480365792417,0
LP002515,Male,Yes,1,Graduate,Yes,9,1,Semiurban,8.146419323098003,7.640123172695364,5.087596335232384,1
LP002517,Male,Yes,1,Not Graduate,No,6,0,Rural,7.8838232148921525,7.313886831633462,4.727387818712341,0
LP002519,Male,Yes,3+,Graduate,No,9,1,Semiurban,8.453614209773367,0,4.605170185988092,1
LP002522,Female,No,0,Graduate,Yes,9,NA,Urban,7.824445930877619,0,4.532599493153256,1
LP002524,Male,No,2,Graduate,No,9,1,Rural,8.618485442898109,8.444407421690585,5.087596335232384,1
LP002527,Male,Yes,2,Graduate,Yes,9,1,Rural,9.71269017726113,6.922643891475888,5.0106352940962555,1
LP002529,Male,Yes,2,Graduate,No,8,1,Semiurban,8.81001204797317,7.467942332285852,5.438079308923196,1
LP002530,NA,Yes,2,Graduate,No,9,0,Semiurban,7.96346006663897,7.5352967024440884,4.882801922586371,0
LP002531,Male,Yes,1,Graduate,Yes,9,1,Semiurban,9.721245992542345,7.719129840906732,4.454347296253507,1
LP002533,Male,Yes,2,Graduate,No,9,1,Urban,7.988882253309227,7.38025578842646,NA,0
LP002534,Female,No,0,Not Graduate,No,9,1,Rural,8.37816098272068,0,5.0369526024136295,1
LP002536,Male,Yes,3+,Not Graduate,No,9,1,Rural,8.037866234709618,0,4.727387818712341,1
LP002537,Male,Yes,0,Graduate,No,9,1,Semiurban,7.642044402873258,8.055475141757274,4.852030263919617,1
LP002541,Male,Yes,0,Graduate,No,9,1,Semiurban,9.290444616217844,0,5.455321115357702,1
LP002543,Male,Yes,2,Graduate,No,9,1,Semiurban,9.0280988119824,0,5.5053315359323625,1
LP002544,Male,Yes,1,Not Graduate,No,9,1,Rural,7.580189417944541,7.798523053625206,4.875197323201151,1
LP002545,Male,No,2,Graduate,No,9,0,Rural,8.17413934342947,0,4.382026634673881,0
LP002547,Male,Yes,1,Graduate,No,9,1,Urban,9.816512538521721,0,6.214608098422191,0
LP002555,Male,Yes,2,Graduate,Yes,9,1,Semiurban,8.430327258394575,7.642044402873258,5.075173815233827,1
LP002556,Male,No,0,Graduate,No,9,1,Urban,7.798112628829788,0,4.31748811353631,0
LP002560,Male,No,0,Not Graduate,No,9,NA,Semiurban,7.90100705199242,7.932362154339751,4.564348191467836,1
LP002562,Male,Yes,1,Not Graduate,No,9,NA,Urban,8.58185670474196,7.0317412587631285,5.225746673713202,1
LP002571,Male,No,0,Not Graduate,No,9,1,Rural,8.213923595622743,0,4.700480365792417,1
LP002582,Female,No,0,Not Graduate,Yes,9,1,Semiurban,9.756378687497916,0,5.41610040220442,1
LP002585,Male,Yes,0,Graduate,No,9,0,Rural,8.188133414510478,7.67693714581808,4.77912349311153,0
LP002586,Female,Yes,1,Graduate,No,4,1,Semiurban,8.109826276018477,6.81783057145415,4.653960350157523,1
LP002587,Male,Yes,0,Not Graduate,No,9,1,Rural,7.8636512654486515,7.438971592395862,4.672828834461906,1
LP002588,Male,Yes,0,Graduate,No,1,NA,Urban,8.439447842791385,7.957877358489813,4.709530201312334,1
LP002600,Male,Yes,1,Graduate,Yes,9,1,Semiurban,7.971085753505607,0,4.553876891600541,1
LP002602,Male,No,0,Graduate,No,9,0,Rural,8.745761999375512,8.393216011596527,5.342334251964811,0
LP002603,Female,No,0,Graduate,No,10,1,Rural,6.470799503782602,8.211754397375197,4.727387818712341,1
LP002606,Female,No,0,Graduate,No,9,1,Semiurban,8.058327306580958,0,4.605170185988092,1
LP002615,Male,Yes,2,Graduate,No,9,1,Semiurban,8.490027523343468,8.63497622707262,5.337538079701318,1
LP002618,Male,Yes,1,Not Graduate,No,9,NA,Rural,8.30671904320269,8.57602797713713,4.927253685157205,0
LP002619,Male,Yes,0,Not Graduate,No,8,1,Semiurban,8.246695943718557,7.302496423727326,4.820281565605037,1
LP002622,Male,Yes,2,Graduate,No,9,1,Rural,8.163656176168432,8.393216011596527,5.493061443340548,1
LP002624,Male,Yes,0,Graduate,No,9,NA,Urban,9.944341546544393,8.805075243870684,6.173786103901937,1
LP002625,NA,No,0,Graduate,No,9,1,Urban,8.18423477409482,0,4.564348191467836,0
LP002626,Male,Yes,0,Graduate,Yes,9,1,Urban,7.8160138391590275,8.01102337918644,5.236441962829949,1
LP002634,Female,No,1,Graduate,No,9,1,Urban,9.492733482494353,0,3.6888794541139363,1
LP002637,Male,No,0,Not Graduate,No,9,1,Rural,8.188411308079031,7.160845906664299,4.605170185988092,0
LP002640,Male,Yes,1,Graduate,No,9,1,Semiurban,8.710454688248527,7.60339933974067,5.521460917862246,1
LP002643,Male,Yes,2,Graduate,No,9,1,Urban,8.096817470572319,7.618742377670413,4.997212273764115,1
LP002648,Male,Yes,0,Graduate,No,6,1,Semiurban,7.664346632098617,8.80492526261806,4.248495242049359,0
LP002652,Male,No,0,Graduate,No,9,1,Rural,8.668368019213355,8.207129168071326,5.739792912179234,0
LP002659,Male,Yes,3+,Graduate,No,9,1,Rural,8.151044945685024,8.14002395246292,5.0106352940962555,1
LP002670,Female,Yes,2,Graduate,No,10,1,Semiurban,7.616775808698373,7.398174092970465,4.727387818712341,1
LP002682,Male,Yes,NA,Not Graduate,No,9,0,Semiurban,8.031060180240619,7.496097345175956,4.812184355372417,0
LP002683,Male,No,0,Graduate,No,9,1,Semiurban,8.451907724717607,7.557994958530806,5.220355825078324,0
LP002684,Female,No,0,Not Graduate,No,9,1,Rural,8.131824785007195,0,4.553876891600541,0
LP002689,Male,Yes,2,Not Graduate,No,9,1,Semiurban,7.693025748417888,7.463363045520021,3.8066624897703196,1
LP002690,Male,No,0,Graduate,No,9,1,Semiurban,7.824445930877619,0,4.007333185232471,1
LP002692,Male,Yes,3+,Graduate,Yes,9,1,Rural,8.644354337032917,7.261927092702751,4.605170185988092,1
LP002693,Male,Yes,2,Graduate,Yes,9,1,Rural,8.980801413573113,8.877242435993919,6.173786103901937,1
LP002697,Male,No,0,Graduate,No,9,1,Semiurban,8.45126704130007,7.643961949002529,NA,0
LP002699,Male,Yes,2,Graduate,Yes,9,1,Rural,9.770013301136158,0,5.991464547107982,1
LP002705,Male,Yes,0,Graduate,No,9,1,Semiurban,8.236420527265391,0,4.700480365792417,1
LP002706,Male,Yes,1,Not Graduate,No,9,0,Semiurban,8.572817095164234,7.266128779556451,5.081404364984463,1
LP002714,Male,No,1,Not Graduate,No,9,1,Semiurban,7.893572073504902,7.172424577124845,4.543294782270004,1
LP002716,Male,No,0,Not Graduate,No,9,1,Semiurban,8.822322177471738,0,4.867534450455582,1
LP002717,Male,Yes,0,Graduate,No,9,NA,Rural,6.933423025730715,8.612685172875459,5.375278407684165,1
LP002720,Male,Yes,3+,Graduate,No,9,1,Urban,8.362175469149628,0,4.605170185988092,1
LP002723,Male,No,2,Graduate,No,9,0,Rural,8.185628891147607,0,4.700480365792417,0
LP002729,Male,No,1,Graduate,No,9,NA,Semiurban,9.328212292571072,0,5.278114659230517,0
LP002731,Female,No,0,Not Graduate,Yes,9,1,Urban,9.80730699406216,0,4.8283137373023015,1
LP002732,Male,No,0,Not Graduate,NA,9,1,Rural,7.844240718141811,7.622174594817622,4.836281906951478,1
LP002734,Male,Yes,0,Graduate,No,9,1,Urban,8.721602344674197,8.27052509505507,5.780743515792329,1
LP002738,Male,No,2,Graduate,No,9,1,Semiurban,8.193676665955241,0,4.672828834461906,1
LP002739,Male,Yes,0,Not Graduate,No,9,1,Rural,7.978653729082731,6.285998094508865,4.189654742026425,0
LP002740,Male,Yes,3+,Graduate,No,6,1,Rural,8.766861821669803,0,5.056245805348308,1
LP002741,Female,Yes,1,Graduate,No,6,1,Semiurban,8.435766192720509,7.953669778649798,4.941642422609304,1
LP002743,Female,No,0,Graduate,No,9,0,Semiurban,7.668093709082406,0,4.59511985013459,0
LP002753,Female,No,1,Graduate,NA,9,1,Semiurban,8.203304026795282,0,4.553876891600541,1
LP002755,Male,Yes,1,Not Graduate,No,9,1,Urban,7.7142311448490855,7.83399634170946,4.852030263919617,1
LP002757,Female,Yes,0,Not Graduate,No,9,NA,Semiurban,8.012349639327795,6.498282149476434,4.624972813284271,1
LP002767,Male,Yes,0,Graduate,No,9,1,Rural,7.926241523170962,7.576097340623111,5.043425116919247,1
LP002768,Male,No,0,Not Graduate,No,2,1,Semiurban,8.119398589612294,0,4.382026634673881,0
LP002772,Male,No,0,Graduate,No,9,1,Rural,7.834788107388194,7.486613313139955,4.976733742420574,1
LP002776,Female,No,0,Graduate,No,9,0,Semiurban,8.517393171418904,0,4.634728988229636,0
LP002777,Male,Yes,0,Graduate,No,9,1,Rural,7.932362154339751,7.6093665379542115,4.700480365792417,1
LP002778,Male,Yes,2,Graduate,Yes,9,0,Rural,8.799963219506997,0,NA,0
LP002784,Male,Yes,1,Not Graduate,No,9,1,Rural,7.821242083523558,7.773173680482536,NA,1
LP002785,Male,Yes,1,Graduate,No,9,1,Urban,8.111928063310739,8.086717920303906,5.062595033026967,1
LP002788,Male,Yes,0,Not Graduate,No,9,0,Urban,7.805882040228621,7.755338812846501,5.198497031265826,0
LP002789,Male,Yes,0,Graduate,No,6,0,Rural,8.187021067343505,8.358666283188,4.882801922586371,0
LP002792,Male,Yes,1,Graduate,No,9,1,Semiurban,8.606851063346772,6.940222469119639,3.258096538021482,1
LP002794,Female,No,0,Graduate,No,9,NA,Urban,7.889084407035514,7.3938782901077555,4.430816798843313,1
LP002795,Male,Yes,3+,Graduate,Yes,9,1,Semiurban,9.224243277145174,0,5.560681631015528,1
LP002798,Male,Yes,0,Graduate,No,9,1,Semiurban,8.265650165580329,7.8898337513942955,5.087596335232384,1
LP002804,Female,Yes,0,Graduate,No,9,1,Semiurban,8.338305731356565,7.7437032581737535,5.204006687076795,1
LP002807,Male,Yes,2,Not Graduate,No,9,1,Semiurban,8.209580483475577,5.493061443340548,4.68213122712422,1
LP002813,Female,Yes,1,Graduate,Yes,9,1,Semiurban,9.87740021777281,0,6.396929655216146,1
LP002820,Male,Yes,0,Graduate,No,9,1,Rural,8.68676717538769,7.628031126930335,5.351858133476067,1
LP002821,Male,No,0,Not Graduate,Yes,9,1,Semiurban,8.665785595466064,0,4.882801922586371,1
LP002832,Male,Yes,2,Graduate,No,9,0,Urban,9.082507000466299,0,5.552959584921617,0
LP002833,Male,Yes,0,Not Graduate,No,9,NA,Rural,8.404696160189092,0,4.787491742782046,1
LP002836,Male,No,0,Graduate,No,9,1,Urban,8.111928063310739,0,4.248495242049359,1
LP002837,Male,Yes,3+,Graduate,No,9,0,Rural,8.131824785007195,7.824445930877619,4.812184355372417,0
LP002840,Female,No,0,Graduate,No,9,1,Urban,7.774435510302958,0,2.1972245773362196,0
LP002841,Male,Yes,0,Graduate,No,9,0,Urban,8.06054004653864,7.632885505395133,4.6443908991413725,0
LP002842,Male,Yes,1,Graduate,No,9,1,Urban,8.136810863675537,7.467942332285852,5.225746673713202,1
LP002847,Male,Yes,NA,Graduate,No,9,0,Urban,8.540323608805092,7.280697195384741,5.10594547390058,0
LP002855,Male,Yes,2,Graduate,No,9,1,Urban,9.721185995542177,0,5.616771097666572,1
LP002862,Male,Yes,2,Not Graduate,No,10,1,Semiurban,8.72029728739272,7.3938782901077555,5.231108616854587,0
LP002863,Male,Yes,3+,Graduate,No,9,1,Semiurban,8.765146421639022,0,5.0106352940962555,0
LP002868,Male,Yes,2,Graduate,No,4,1,Urban,8.058327306580958,6.135564891081739,4.68213122712422,1
LP002872,NA,Yes,0,Graduate,No,9,0,Semiurban,8.035278911144667,7.701200180857446,4.912654885736052,0
LP002874,Male,No,0,Graduate,No,9,1,Urban,8.080237416216702,7.9157131993821155,4.700480365792417,1
LP002877,Male,Yes,1,Graduate,No,9,1,Rural,7.48605261786314,7.711101251840158,4.672828834461906,1
LP002888,Male,No,0,Graduate,NA,9,1,Urban,8.065579427282092,7.978653729082731,5.081404364984463,1
LP002892,Male,Yes,2,Graduate,No,9,1,Semiurban,8.785845337961213,0,5.3230099791384085,1
LP002893,Male,No,0,Graduate,No,9,1,Urban,7.515889085215125,10.429339710318741,4.499809670330265,0
LP002894,Female,Yes,0,Graduate,No,9,1,Semiurban,8.06054004653864,0,3.58351893845611,1
LP002898,Male,Yes,1,Graduate,No,9,NA,Rural,7.53955882930103,0,4.110873864173311,0
LP002911,Male,Yes,1,Graduate,No,9,0,Rural,7.933079771880415,7.559038255443384,4.983606621708336,0
LP002912,Male,Yes,1,Graduate,No,4,1,Rural,8.36264243156764,8.006700845440367,5.147494476813453,0
LP002916,Male,Yes,0,Graduate,No,9,1,Urban,7.739794458408701,7.328437352895162,4.6443908991413725,1
LP002917,Female,No,0,Not Graduate,No,9,1,Semiurban,7.680637427560936,0,4.248495242049359,1
LP002925,NA,No,0,Graduate,No,9,1,Semiurban,8.46611040118692,0,4.543294782270004,1
LP002926,Male,Yes,2,Graduate,Yes,9,0,Semiurban,7.910957382845589,0,4.663439094112067,0
LP002928,Male,Yes,0,Graduate,No,6,1,Semiurban,8.006700845440367,8.136518252115291,4.02535169073515,1
LP002931,Male,Yes,2,Graduate,Yes,7,1,Semiurban,8.699681400989514,0,5.3230099791384085,0
LP002933,NA,No,3+,Graduate,Yes,9,1,Semiurban,9.143986871426161,0,5.676753802268282,1
LP002936,Male,Yes,0,Graduate,No,6,1,Rural,8.258422462458876,8.101980731853192,4.955827057601261,1
LP002938,Male,Yes,0,Graduate,Yes,9,1,Urban,9.687878048875998,0,5.560681631015528,1
LP002940,Male,No,0,Not Graduate,No,9,1,Rural,8.251663923605589,0,4.700480365792417,1
LP002941,Male,Yes,2,Not Graduate,Yes,9,1,Rural,8.761550139129644,6.90875477931522,5.231108616854587,0
LP002943,Male,No,NA,Graduate,No,9,0,Semiurban,8.002359546252707,0,4.477336814478207,0
LP002945,Male,Yes,0,Graduate,Yes,9,1,Rural,9.20673387638207,0,5.19295685089021,1
LP002948,Male,Yes,2,Graduate,No,9,1,Urban,8.662331957082475,0,5.2574953720277815,1
LP002949,Female,No,3+,Graduate,NA,6,NA,Urban,6.0330862217988015,10.637488727104339,5.857933154483459,0
LP002950,Male,Yes,0,Not Graduate,NA,9,1,Rural,7.970740390007095,7.934871565945177,5.043425116919247,1
LP002953,Male,Yes,3+,Graduate,No,9,1,Urban,8.648922962094131,0,4.852030263919617,1
LP002958,Male,No,0,Graduate,No,9,1,Rural,8.209852481301272,8.366835309827675,5.147494476813453,1
LP002959,Female,Yes,1,Graduate,No,9,1,Semiurban,9.392745258631441,0,6.206575926724928,1
LP002960,Male,Yes,0,Not Graduate,No,6,1,Urban,7.783640596221253,8.24301946898925,NA,0
LP002961,Male,Yes,1,Graduate,No,9,1,Semiurban,8.131824785007195,7.824445930877619,5.153291594497779,1
LP002964,Male,Yes,2,Not Graduate,No,9,1,Rural,8.291045131081729,7.252762418053187,5.056245805348308,1
LP002974,Male,Yes,0,Graduate,No,9,1,Rural,8.081165777725433,7.576097340623111,4.68213122712422,1
LP002978,Female,No,0,Graduate,No,9,1,Rural,7.972810784121404,0,4.2626798770413155,1
LP002979,Male,Yes,3+,Graduate,No,6,1,Rural,8.320448113956559,0,3.6888794541139363,1
LP002983,Male,Yes,1,Graduate,No,9,1,Urban,8.996280439395015,5.484796933490655,5.53338948872752,1
LP002984,Male,Yes,2,Graduate,No,9,1,Urban,8.933796043934858,0,5.231108616854587,1
LP002990,Female,No,0,Graduate,Yes,9,0,Semiurban,8.430327258394575,0,4.890349128221754,0
